complexity,n,mean,median,min,max,marker
1,50,98.6,100.0,92,101,
2,50,157.9,156.0,126,188,
3,50,218.0,218.5,161,272,
4,50,266.6,250.5,196,358,
5,50,337.3,338.0,231,442,
6,50,372.6,347.0,262,531,
7,50,457.6,457.5,298,613,
8,50,479.3,438.5,333,700,
9,50,539.1,474.5,370,787,
10,50,582.0,534.5,407,868,
11,50,697.7,700.5,435,954,
12,50,658.6,582.5,478,1037,
13,50,816.2,817.5,506,1123,
14,50,795.7,724.5,547,1209,
15,50,831.6,736.0,574,1295,
16,50,877.5,765.5,611,1381,
17,50,1055.9,1054.5,647,1465,
18,50,961.4,867.0,680,1553,
19,50,1174.4,1173.0,715,1635,
20,50,1050.2,933.5,756,1716,
21,50,1151.6,992.5,786,1803,
22,50,1224.2,1104.5,821,1891,
23,50,1415.6,1417.0,851,1977,
24,50,1209.2,1050.5,895,2061,
25,50,1409.2,1133.5,920,2143,
26,50,1437.0,1289.0,965,2234,
27,50,1445.2,1248.0,1001,2311,
28,50,1436.0,1192.5,1030,2400,
29,50,1772.9,1773.0,1058,2480,
30,50,1500.3,1323.5,1110,2568,
31,50,1894.1,1894.5,1129,2659,
32,50,1638.9,1426.5,1167,2735,
33,50,1780.2,1694.0,1202,2824,
34,50,1878.8,1667.0,1229,2916,
35,50,1843.9,1523.0,1271,2999,
36,50,1749.7,1556.5,1307,3076,
37,50,2249.8,2253.0,1330,3162,
38,50,2072.9,1850.0,1373,3254,
39,50,2057.7,1770.5,1402,3337,
40,50,1984.9,1725.0,1440,3416,
41,50,2492.5,2490.5,1478,3506,
42,50,2071.7,1797.5,1513,3591,
43,50,2612.3,2619.0,1540,3675,
44,50,2226.3,1915.5,1587,3755,
45,50,2224.9,2015.5,1620,3834,
46,50,2522.5,2229.0,1656,3927,
47,50,2851.8,2852.5,1685,4014,
48,50,2301.5,2038.5,1721,4092,
49,50,2637.4,2062.0,1747,4179,c_star_low
50,50,2506.5,2126.5,1787,4266,
60,50,2831.2,2506.0,2143,5118,
70,50,3319.6,2813.0,2503,5976,
80,50,3726.4,3257.5,2837,6820,
90,50,4140.9,3634.0,3191,7681,c_star_mean
100,50,4727.6,3988.5,3527,8531,
115,50,5872.6,4719.5,4055,9822,c_star_high
130,50,6180.1,5107.5,4574,11077,
150,50,6750.0,5869.0,5292,12809,
