axis,level,n,A_median,A_min,A_max,B_median,B_min,B_max,C_median,C_min,C_max,B_minus_A_median,B_over_A_median_ratio
all,all,200,432.5,118,4096,429.5,122,4096,475.5,119,4096,-6.5,0.993
complexity,all,100,347.0,118,2125,319.0,122,2286,300.5,119,1883,-6.5,0.919
complexity,1,25,300.0,178,1610,269.0,172,735,239.0,119,901,1.0,0.897
complexity,16,25,432.0,203,2125,352.0,196,2286,396.0,242,1883,-58.0,0.815
complexity,50,25,373.0,140,1530,373.0,133,1048,353.0,128,1657,0.0,1.0
complexity,150,25,337.0,118,616,302.0,122,1517,311.0,130,1000,-7.0,0.896
completeness,all,100,1400.0,175,4096,1230.0,152,4096,1402.5,166,4096,-7.0,0.879
completeness,1,25,234.0,175,529,243.0,152,775,345.0,166,4096,2.0,1.038
completeness,5,25,1026.0,664,3047,1087.0,652,1923,1028.0,635,4096,-32.0,1.059
completeness,10,25,1650.0,985,4096,1572.0,922,4096,1570.0,905,4096,-5.0,0.953
completeness,15,25,2068.0,1106,4096,1960.0,850,4096,2234.0,1518,4096,-34.0,0.948
