subset,axis,level,n,metric,A,B,C,C-B,C-B_lo,C-B_hi,mcnemar_C-B_p,mcnemar_C-B_C_only,mcnemar_C-B_B_only,B-A,B-A_lo,B-A_hi,mcnemar_B-A_p,mcnemar_B-A_B_only,mcnemar_B-A_A_only
all,all,all,200,exact_match_pct,79.0,79.5,63.0,-16.5,-22.0,-11.5,0.0,5.0,38.0,0.5,-3.5,4.5,1.0,9.0,8.0
all,all,all,200,f1_micro,0.9379,0.9359,0.8738,-0.062,-0.0978,-0.0269,,,,-0.002,-0.0257,0.0219,,,
all,all,all,200,omission_rate,0.0644,0.0656,0.1112,0.0456,0.0112,0.0809,,,,0.0012,-0.0233,0.0254,,,
all,all,all,200,collateral_rate,0.0297,0.0314,0.0419,0.0105,-0.0073,0.0257,,,,0.0017,-0.0123,0.0157,,,
all,complexity,all,100,exact_match_pct,95.0,96.0,98.0,2.0,0.0,5.0,0.5,2.0,0.0,1.0,-2.0,4.0,1.0,2.0,1.0
all,complexity,all,100,f1_micro,0.954,0.964,0.984,0.02,0.0,0.05,,,,0.01,-0.02,0.04,,,
all,complexity,all,100,omission_rate,0.0467,0.0367,0.0167,-0.02,-0.05,0.0,,,,-0.01,-0.04,0.02,,,
all,complexity,all,100,collateral_rate,0.035,0.035,0.015,-0.02,-0.05,0.0,,,,0.0,-0.03,0.03,,,
all,complexity,1,25,exact_match_pct,92.0,96.0,100.0,4.0,0.0,12.0,1.0,1.0,0.0,4.0,0.0,12.0,1.0,1.0,0.0
all,complexity,1,25,f1_micro,0.92,0.96,1.0,0.04,0.0,0.12,,,,0.04,0.0,0.12,,,
all,complexity,1,25,omission_rate,0.08,0.04,0.0,-0.04,-0.12,0.0,,,,-0.04,-0.12,0.0,,,
all,complexity,1,25,collateral_rate,0.08,0.04,0.0,-0.04,-0.12,0.0,,,,-0.04,-0.12,0.0,,,
all,complexity,16,25,exact_match_pct,92.0,96.0,100.0,4.0,0.0,12.0,1.0,1.0,0.0,4.0,0.0,12.0,1.0,1.0,0.0
all,complexity,16,25,f1_micro,0.92,0.96,1.0,0.04,0.0,0.12,,,,0.04,0.0,0.12,,,
all,complexity,16,25,omission_rate,0.08,0.04,0.0,-0.04,-0.12,0.0,,,,-0.04,-0.12,0.0,,,
all,complexity,16,25,collateral_rate,0.04,0.04,0.0,-0.04,-0.12,0.0,,,,0.0,0.0,0.0,,,
all,complexity,50,25,exact_match_pct,96.0,96.0,96.0,0.0,0.0,0.0,1.0,0.0,0.0,0.0,0.0,0.0,1.0,0.0,0.0
all,complexity,50,25,f1_micro,0.976,0.976,0.976,0.0,0.0,0.0,,,,0.0,0.0,0.0,,,
all,complexity,50,25,omission_rate,0.0267,0.0267,0.0267,0.0,0.0,0.0,,,,0.0,0.0,0.0,,,
all,complexity,50,25,collateral_rate,0.02,0.02,0.02,0.0,0.0,0.0,,,,0.0,0.0,0.0,,,
all,complexity,150,25,exact_match_pct,100.0,96.0,96.0,0.0,0.0,0.0,1.0,0.0,0.0,-4.0,-12.0,0.0,1.0,0.0,1.0
all,complexity,150,25,f1_micro,1.0,0.96,0.96,0.0,0.0,0.0,,,,-0.04,-0.12,0.0,,,
all,complexity,150,25,omission_rate,0.0,0.04,0.04,0.0,0.0,0.0,,,,0.04,0.0,0.12,,,
all,complexity,150,25,collateral_rate,0.0,0.04,0.04,0.0,0.0,0.0,,,,0.04,0.0,0.12,,,
all,completeness,all,100,exact_match_pct,63.0,63.0,28.0,-35.0,-45.0,-25.0,0.0,3.0,38.0,0.0,-7.0,7.0,1.0,7.0,7.0
all,completeness,all,100,f1_micro,0.9217,0.9077,0.7636,-0.1441,-0.2094,-0.0798,,,,-0.014,-0.0493,0.0189,,,
all,completeness,all,100,omission_rate,0.0821,0.0945,0.2058,0.1113,0.0482,0.1767,,,,0.0124,-0.0218,0.0489,,,
all,completeness,all,100,collateral_rate,0.0243,0.0278,0.0688,0.041,0.0231,0.0608,,,,0.0034,-0.003,0.0101,,,
all,completeness,1,25,exact_match_pct,100.0,100.0,80.0,-20.0,-36.0,-4.0,0.0625,0.0,5.0,0.0,0.0,0.0,1.0,0.0,0.0
all,completeness,1,25,f1_micro,1.0,1.0,0.89,-0.11,-0.22,-0.02,,,,0.0,0.0,0.0,,,
all,completeness,1,25,omission_rate,0.0,0.0,0.04,0.04,0.0,0.12,,,,0.0,0.0,0.0,,,
all,completeness,1,25,collateral_rate,0.0,0.0,0.016,0.016,0.0,0.048,,,,0.0,0.0,0.0,,,
all,completeness,5,25,exact_match_pct,48.0,52.0,28.0,-24.0,-48.0,0.0,0.109375,2.0,8.0,4.0,-8.0,16.0,1.0,2.0,1.0
all,completeness,5,25,f1_micro,0.9142,0.9159,0.7296,-0.1864,-0.3208,-0.0703,,,,0.0018,-0.0154,0.02,,,
all,completeness,5,25,omission_rate,0.0949,0.0896,0.2321,0.1425,0.0245,0.2815,,,,-0.0054,-0.029,0.0145,,,
all,completeness,5,25,collateral_rate,0.0512,0.047,0.0818,0.0348,-0.0063,0.078,,,,-0.0042,-0.0191,0.0087,,,
all,completeness,10,25,exact_match_pct,60.0,60.0,4.0,-56.0,-76.0,-32.0,0.000519,1.0,15.0,0.0,-20.0,20.0,1.0,3.0,3.0
all,completeness,10,25,f1_micro,0.9263,0.9095,0.7535,-0.156,-0.3058,-0.0139,,,,-0.0168,-0.0406,0.0055,,,
all,completeness,10,25,omission_rate,0.0804,0.0936,0.2444,0.1508,0.0154,0.3051,,,,0.0132,-0.0078,0.0375,,,
all,completeness,10,25,collateral_rate,0.0144,0.0319,0.0722,0.0403,0.0084,0.0759,,,,0.0175,-0.0013,0.0387,,,
all,completeness,15,25,exact_match_pct,44.0,40.0,0.0,-40.0,-60.0,-20.0,0.001953,0.0,10.0,-4.0,-20.0,12.0,1.0,2.0,3.0
all,completeness,15,25,f1_micro,0.8465,0.8054,0.6815,-0.1238,-0.2686,0.0253,,,,-0.0411,-0.1704,0.0824,,,
all,completeness,15,25,omission_rate,0.153,0.1949,0.3067,0.1118,-0.0452,0.2601,,,,0.0419,-0.0816,0.1673,,,
all,completeness,15,25,collateral_rate,0.0317,0.0321,0.1051,0.073,0.0325,0.1156,,,,0.0004,-0.0092,0.0104,,,
fidelity_ok,all,all,177,exact_match_pct,84.7458,84.1808,70.6215,-13.5593,-18.6441,-8.4746,1.9e-05,4.0,28.0,-0.565,-4.5198,3.3898,1.0,6.0,7.0
fidelity_ok,all,all,177,f1_micro,0.9423,0.9402,0.8957,-0.0445,-0.0784,-0.0101,,,,-0.0021,-0.0245,0.0206,,,
fidelity_ok,all,all,177,omission_rate,0.0586,0.0599,0.087,0.0271,-0.0068,0.0606,,,,0.0013,-0.0211,0.0238,,,
fidelity_ok,all,all,177,collateral_rate,0.0299,0.0315,0.0347,0.0032,-0.0162,0.0191,,,,0.0016,-0.0141,0.0179,,,
fidelity_ok,complexity,all,100,exact_match_pct,95.0,96.0,98.0,2.0,0.0,5.0,0.5,2.0,0.0,1.0,-2.0,4.025,1.0,2.0,1.0
fidelity_ok,complexity,all,100,f1_micro,0.954,0.964,0.984,0.02,0.0,0.05,,,,0.01,-0.02,0.04,,,
fidelity_ok,complexity,all,100,omission_rate,0.0467,0.0367,0.0167,-0.02,-0.05,0.0,,,,-0.01,-0.04,0.02,,,
fidelity_ok,complexity,all,100,collateral_rate,0.035,0.035,0.015,-0.02,-0.05,0.0,,,,0.0,-0.03,0.03,,,
fidelity_ok,complexity,1,25,exact_match_pct,92.0,96.0,100.0,4.0,0.0,12.0,1.0,1.0,0.0,4.0,0.0,12.0,1.0,1.0,0.0
fidelity_ok,complexity,1,25,f1_micro,0.92,0.96,1.0,0.04,0.0,0.12,,,,0.04,0.0,0.12,,,
fidelity_ok,complexity,1,25,omission_rate,0.08,0.04,0.0,-0.04,-0.12,0.0,,,,-0.04,-0.12,0.0,,,
fidelity_ok,complexity,1,25,collateral_rate,0.08,0.04,0.0,-0.04,-0.12,0.0,,,,-0.04,-0.12,0.0,,,
fidelity_ok,complexity,16,25,exact_match_pct,92.0,96.0,100.0,4.0,0.0,12.0,1.0,1.0,0.0,4.0,0.0,12.0,1.0,1.0,0.0
fidelity_ok,complexity,16,25,f1_micro,0.92,0.96,1.0,0.04,0.0,0.12,,,,0.04,0.0,0.12,,,
fidelity_ok,complexity,16,25,omission_rate,0.08,0.04,0.0,-0.04,-0.12,0.0,,,,-0.04,-0.12,0.0,,,
fidelity_ok,complexity,16,25,collateral_rate,0.04,0.04,0.0,-0.04,-0.12,0.0,,,,0.0,0.0,0.0,,,
fidelity_ok,complexity,50,25,exact_match_pct,96.0,96.0,96.0,0.0,0.0,0.0,1.0,0.0,0.0,0.0,0.0,0.0,1.0,0.0,0.0
fidelity_ok,complexity,50,25,f1_micro,0.976,0.976,0.976,0.0,0.0,0.0,,,,0.0,0.0,0.0,,,
fidelity_ok,complexity,50,25,omission_rate,0.0267,0.0267,0.0267,0.0,0.0,0.0,,,,0.0,0.0,0.0,,,
fidelity_ok,complexity,50,25,collateral_rate,0.02,0.02,0.02,0.0,0.0,0.0,,,,0.0,0.0,0.0,,,
fidelity_ok,complexity,150,25,exact_match_pct,100.0,96.0,96.0,0.0,0.0,0.0,1.0,0.0,0.0,-4.0,-12.0,0.0,1.0,0.0,1.0
fidelity_ok,complexity,150,25,f1_micro,1.0,0.96,0.96,0.0,0.0,0.0,,,,-0.04,-0.12,0.0,,,
fidelity_ok,complexity,150,25,omission_rate,0.0,0.04,0.04,0.0,0.0,0.0,,,,0.04,0.0,0.12,,,
fidelity_ok,complexity,150,25,collateral_rate,0.0,0.04,0.04,0.0,0.0,0.0,,,,0.04,0.0,0.12,,,
fidelity_ok,completeness,all,77,exact_match_pct,71.4286,68.8312,35.0649,-33.7662,-45.4545,-22.0779,1e-06,2.0,28.0,-2.5974,-10.3896,5.1948,0.753906,4.0,6.0
fidelity_ok,completeness,all,77,f1_micro,0.9272,0.9094,0.7811,-0.1283,-0.1994,-0.0577,,,,-0.0178,-0.0483,0.0015,,,
fidelity_ok,completeness,all,77,omission_rate,0.0741,0.0901,0.1783,0.0882,0.0211,0.1581,,,,0.016,-0.0036,0.0459,,,
fidelity_ok,completeness,all,77,collateral_rate,0.0233,0.0271,0.0604,0.0333,0.0133,0.0557,,,,0.0037,-0.0035,0.0113,,,
fidelity_ok,completeness,1,25,exact_match_pct,100.0,100.0,80.0,-20.0,-36.0,-4.0,0.0625,0.0,5.0,0.0,0.0,0.0,1.0,0.0,0.0
fidelity_ok,completeness,1,25,f1_micro,1.0,1.0,0.89,-0.11,-0.22,-0.02,,,,0.0,0.0,0.0,,,
fidelity_ok,completeness,1,25,omission_rate,0.0,0.0,0.04,0.04,0.0,0.12,,,,0.0,0.0,0.0,,,
fidelity_ok,completeness,1,25,collateral_rate,0.0,0.0,0.016,0.016,0.0,0.048,,,,0.0,0.0,0.0,,,
fidelity_ok,completeness,5,23,exact_match_pct,52.1739,56.5217,30.4348,-26.087,-52.1739,0.0,0.109375,2.0,8.0,4.3478,-8.6957,17.3913,1.0,2.0,1.0
fidelity_ok,completeness,5,23,f1_micro,0.9152,0.9171,0.7662,-0.1509,-0.2835,-0.0445,,,,0.0019,-0.0175,0.0217,,,
fidelity_ok,completeness,5,23,omission_rate,0.088,0.0821,0.187,0.1049,-0.0064,0.2453,,,,-0.0058,-0.0308,0.0158,,,
fidelity_ok,completeness,5,23,collateral_rate,0.0557,0.0511,0.0802,0.0291,-0.013,0.0727,,,,-0.0046,-0.0209,0.0088,,,
fidelity_ok,completeness,10,15,exact_match_pct,66.6667,60.0,0.0,-60.0,-86.6667,-33.3333,0.003906,0.0,9.0,-6.6667,-33.3333,20.0,1.0,2.0,3.0
fidelity_ok,completeness,10,15,f1_micro,0.9096,0.8875,0.7277,-0.1599,-0.3719,0.0413,,,,-0.0221,-0.0549,0.0078,,,
fidelity_ok,completeness,10,15,omission_rate,0.0907,0.1093,0.2589,0.1496,-0.0439,0.3628,,,,0.0186,-0.0039,0.0478,,,
fidelity_ok,completeness,10,15,collateral_rate,0.0162,0.0364,0.0933,0.0569,0.0043,0.1128,,,,0.0203,-0.0076,0.0505,,,
fidelity_ok,completeness,15,14,exact_match_pct,57.1429,42.8571,0.0,-42.8571,-71.4286,-21.4286,0.03125,0.0,6.0,-14.2857,-35.7143,0.0,0.5,0.0,2.0
fidelity_ok,completeness,15,14,f1_micro,0.8358,0.7582,0.6683,-0.0898,-0.2677,0.1026,,,,-0.0776,-0.2205,0.0,,,
fidelity_ok,completeness,15,14,omission_rate,0.1658,0.2435,0.3245,0.0811,-0.1281,0.2653,,,,0.0776,0.0,0.2267,,,
fidelity_ok,completeness,15,14,collateral_rate,0.0196,0.0258,0.0716,0.0458,-0.0024,0.0981,,,,0.0062,0.0,0.0186,,,
excl_humanisation,all,all,164,exact_match_pct,79.2683,76.2195,75.6098,-0.6098,-3.6585,2.439,1.0,3.0,4.0,-3.0488,-6.7073,0.6098,0.226562,3.0,8.0
excl_humanisation,all,all,164,f1_micro,0.9401,0.9292,0.9081,-0.0212,-0.0544,0.0113,,,,-0.0109,-0.0372,0.0148,,,
excl_humanisation,all,all,164,omission_rate,0.0628,0.0725,0.0897,0.0172,-0.0162,0.0499,,,,0.0097,-0.0159,0.036,,,
excl_humanisation,all,all,164,collateral_rate,0.0268,0.0308,0.0346,0.0038,-0.012,0.0156,,,,0.004,-0.014,0.0214,,,
excl_humanisation,complexity,all,99,exact_match_pct,95.9596,96.9697,97.9798,1.0101,0.0,3.0303,1.0,1.0,0.0,1.0101,-2.0202,4.0404,1.0,2.0,1.0
excl_humanisation,complexity,all,99,f1_micro,0.9636,0.9737,0.9838,0.0101,0.0,0.0303,,,,0.0101,-0.0202,0.0404,,,
excl_humanisation,complexity,all,99,omission_rate,0.037,0.0269,0.0168,-0.0101,-0.0303,0.0,,,,-0.0101,-0.0505,0.0202,,,
excl_humanisation,complexity,all,99,collateral_rate,0.0253,0.0253,0.0152,-0.0101,-0.0303,0.0,,,,0.0,-0.0303,0.0303,,,
excl_humanisation,complexity,1,25,exact_match_pct,92.0,96.0,100.0,4.0,0.0,12.0,1.0,1.0,0.0,4.0,0.0,12.0,1.0,1.0,0.0
excl_humanisation,complexity,1,25,f1_micro,0.92,0.96,1.0,0.04,0.0,0.12,,,,0.04,0.0,0.12,,,
excl_humanisation,complexity,1,25,omission_rate,0.08,0.04,0.0,-0.04,-0.12,0.0,,,,-0.04,-0.12,0.0,,,
excl_humanisation,complexity,1,25,collateral_rate,0.08,0.04,0.0,-0.04,-0.12,0.0,,,,-0.04,-0.12,0.0,,,
excl_humanisation,complexity,16,24,exact_match_pct,95.8333,100.0,100.0,0.0,0.0,0.0,1.0,0.0,0.0,4.1667,0.0,12.5,1.0,1.0,0.0
excl_humanisation,complexity,16,24,f1_micro,0.9583,1.0,1.0,0.0,0.0,0.0,,,,0.0417,0.0,0.125,,,
excl_humanisation,complexity,16,24,omission_rate,0.0417,0.0,0.0,0.0,0.0,0.0,,,,-0.0417,-0.125,0.0,,,
excl_humanisation,complexity,16,24,collateral_rate,0.0,0.0,0.0,0.0,0.0,0.0,,,,0.0,0.0,0.0,,,
excl_humanisation,complexity,50,25,exact_match_pct,96.0,96.0,96.0,0.0,0.0,0.0,1.0,0.0,0.0,0.0,0.0,0.0,1.0,0.0,0.0
excl_humanisation,complexity,50,25,f1_micro,0.976,0.976,0.976,0.0,0.0,0.0,,,,0.0,0.0,0.0,,,
excl_humanisation,complexity,50,25,omission_rate,0.0267,0.0267,0.0267,0.0,0.0,0.0,,,,0.0,0.0,0.0,,,
excl_humanisation,complexity,50,25,collateral_rate,0.02,0.02,0.02,0.0,0.0,0.0,,,,0.0,0.0,0.0,,,
excl_humanisation,complexity,150,25,exact_match_pct,100.0,96.0,96.0,0.0,0.0,0.0,1.0,0.0,0.0,-4.0,-12.0,0.0,1.0,0.0,1.0
excl_humanisation,complexity,150,25,f1_micro,1.0,0.96,0.96,0.0,0.0,0.0,,,,-0.04,-0.12,0.0,,,
excl_humanisation,complexity,150,25,omission_rate,0.0,0.04,0.04,0.0,0.0,0.0,,,,0.04,0.0,0.12,,,
excl_humanisation,complexity,150,25,collateral_rate,0.0,0.04,0.04,0.0,0.0,0.0,,,,0.04,0.0,0.12,,,
excl_humanisation,completeness,all,65,exact_match_pct,53.8462,44.6154,41.5385,-3.0769,-10.7692,4.6154,0.6875,2.0,4.0,-9.2308,-16.9231,-1.5385,0.070312,1.0,7.0
excl_humanisation,completeness,all,65,f1_micro,0.9043,0.8614,0.7926,-0.0688,-0.1467,0.0076,,,,-0.0429,-0.0889,-0.0089,,,
excl_humanisation,completeness,all,65,omission_rate,0.1021,0.142,0.2006,0.0587,-0.0175,0.1421,,,,0.0399,0.005,0.086,,,
excl_humanisation,completeness,all,65,collateral_rate,0.0291,0.0393,0.0641,0.0249,0.007,0.0443,,,,0.0102,0.0031,0.0178,,,
excl_humanisation,completeness,1,21,exact_match_pct,100.0,100.0,95.2381,-4.7619,-14.2857,0.0,1.0,0.0,1.0,0.0,0.0,0.0,1.0,0.0,0.0
excl_humanisation,completeness,1,21,f1_micro,1.0,1.0,0.9524,-0.0476,-0.1429,0.0,,,,0.0,0.0,0.0,,,
excl_humanisation,completeness,1,21,omission_rate,0.0,0.0,0.0476,0.0476,0.0,0.1429,,,,0.0,0.0,0.0,,,
excl_humanisation,completeness,1,21,collateral_rate,0.0,0.0,0.0,0.0,0.0,0.0,,,,0.0,0.0,0.0,,,
excl_humanisation,completeness,5,18,exact_match_pct,38.8889,38.8889,33.3333,-5.5556,-22.2222,11.1111,1.0,1.0,2.0,0.0,-16.6667,16.6667,1.0,1.0,1.0
excl_humanisation,completeness,5,18,f1_micro,0.9001,0.8956,0.7333,-0.1623,-0.3174,-0.0355,,,,-0.0045,-0.0247,0.0153,,,
excl_humanisation,completeness,5,18,omission_rate,0.1125,0.112,0.2466,0.1345,0.0023,0.2951,,,,-0.0005,-0.0283,0.0217,,,
excl_humanisation,completeness,5,18,collateral_rate,0.0519,0.053,0.1036,0.0506,0.0067,0.0993,,,,0.0011,-0.0139,0.0162,,,
excl_humanisation,completeness,10,11,exact_match_pct,36.3636,9.0909,9.0909,0.0,-27.2727,27.2727,1.0,1.0,1.0,-27.2727,-54.5455,0.0,0.25,0.0,3.0
excl_humanisation,completeness,10,11,f1_micro,0.8507,0.7943,0.85,0.0557,-0.0727,0.2254,,,,-0.0564,-0.096,-0.0183,,,
excl_humanisation,completeness,10,11,omission_rate,0.166,0.2128,0.1548,-0.058,-0.2061,0.0807,,,,0.0468,0.0107,0.0879,,,
excl_humanisation,completeness,10,11,collateral_rate,0.0221,0.0724,0.1049,0.0325,-0.022,0.0987,,,,0.0504,0.0177,0.0861,,,
excl_humanisation,completeness,15,15,exact_match_pct,20.0,0.0,0.0,0.0,0.0,0.0,1.0,0.0,0.0,-20.0,-40.0,0.0,0.25,0.0,3.0
excl_humanisation,completeness,15,15,f1_micro,0.8148,0.6756,0.5981,-0.0775,-0.3103,0.1646,,,,-0.1391,-0.3391,0.0,,,
excl_humanisation,completeness,15,15,omission_rate,0.1856,0.3248,0.3934,0.0686,-0.1794,0.3117,,,,0.1391,0.0,0.3391,,,
excl_humanisation,completeness,15,15,collateral_rate,0.0478,0.0535,0.0768,0.0232,-0.0126,0.0593,,,,0.0058,0.0,0.0174,,,
