axis,level,n,metric,A,B,C,C-B,B-A
all,all,200,tokens_total,3732.41,3631.5,3802.89,171.39,-100.91
all,all,200,tokens_prompt,2797.63,2797.63,2800.51,2.88,0.0
all,all,200,tokens_completion,934.78,833.87,1002.38,168.51,-100.91
all,all,200,truncated_pct,2.0,2.0,5.0,3.0,0.0
complexity,all,100,tokens_total,3192.13,3117.5,3143.8,26.3,-74.63
complexity,all,100,tokens_prompt,2743.95,2743.95,2744.48,0.53,0.0
complexity,all,100,tokens_completion,448.18,373.55,399.32,25.77,-74.63
complexity,all,100,truncated_pct,0.0,0.0,0.0,0.0,0.0
complexity,1,25,tokens_total,3118.6,3066.8,3008.0,-58.8,-51.8
complexity,1,25,tokens_prompt,2740.6,2740.6,2741.6,1.0,0.0
complexity,1,25,tokens_completion,378.0,326.2,266.4,-59.8,-51.8
complexity,1,25,truncated_pct,0.0,0.0,0.0,0.0,0.0
complexity,16,25,tokens_total,3450.12,3186.68,3295.96,109.28,-263.44
complexity,16,25,tokens_prompt,2746.44,2746.44,2746.4,-0.04,0.0
complexity,16,25,tokens_completion,703.68,440.24,549.56,109.32,-263.44
complexity,16,25,truncated_pct,0.0,0.0,0.0,0.0,0.0
complexity,50,25,tokens_total,3151.28,3128.88,3166.0,37.12,-22.4
complexity,50,25,tokens_prompt,2744.16,2744.16,2744.48,0.32,0.0
complexity,50,25,tokens_completion,407.12,384.72,421.52,36.8,-22.4
complexity,50,25,truncated_pct,0.0,0.0,0.0,0.0,0.0
complexity,150,25,tokens_total,3048.52,3087.64,3105.24,17.6,39.12
complexity,150,25,tokens_prompt,2744.6,2744.6,2745.44,0.84,0.0
complexity,150,25,tokens_completion,303.92,343.04,359.8,16.76,39.12
complexity,150,25,truncated_pct,0.0,0.0,0.0,0.0,0.0
completeness,all,100,tokens_total,4272.69,4145.5,4461.97,316.47,-127.19
completeness,all,100,tokens_prompt,2851.31,2851.31,2856.54,5.23,0.0
completeness,all,100,tokens_completion,1421.38,1294.19,1605.43,311.24,-127.19
completeness,all,100,truncated_pct,4.0,4.0,10.0,6.0,0.0
completeness,1,25,tokens_total,3011.04,3016.36,3287.44,271.08,5.32
completeness,1,25,tokens_prompt,2739.24,2739.24,2749.08,9.84,0.0
completeness,1,25,tokens_completion,271.8,277.12,538.36,261.24,5.32
completeness,1,25,truncated_pct,0.0,0.0,4.0,4.0,0.0
completeness,5,25,tokens_total,4013.32,3903.24,4182.64,279.4,-110.08
completeness,5,25,tokens_prompt,2809.8,2809.8,2820.96,11.16,0.0
completeness,5,25,tokens_completion,1203.52,1093.44,1361.68,268.24,-110.08
completeness,5,25,truncated_pct,0.0,0.0,8.0,8.0,0.0
completeness,10,25,tokens_total,4714.64,4614.16,4803.92,189.76,-100.48
completeness,10,25,tokens_prompt,2891.8,2891.8,2896.08,4.28,0.0
completeness,10,25,tokens_completion,1822.84,1722.36,1907.84,185.48,-100.48
completeness,10,25,truncated_pct,4.0,4.0,12.0,8.0,0.0
completeness,15,25,tokens_total,5351.76,5048.24,5573.88,525.64,-303.52
completeness,15,25,tokens_prompt,2964.4,2964.4,2960.04,-4.36,0.0
completeness,15,25,tokens_completion,2387.36,2083.84,2613.84,530.0,-303.52
completeness,15,25,truncated_pct,12.0,12.0,16.0,4.0,0.0
