axis,level,sample_idx,n_instructions,new_ok,new_empty,new_n_failed,new_failures,new_literal_keys,new_direction_warnings,new_unit_warnings,orig_ok,orig_n_failed,orig_failures,orig_direction_warnings,orig_unit_warnings,new_chars,orig_chars,format_ok
complexity,1,1,1,True,False,0,,,,,True,0,,,,81,60,True
complexity,1,5,1,True,False,0,,,,,True,0,,,,87,55,True
complexity,1,6,1,True,False,0,,,,,True,0,,,,59,70,True
complexity,1,8,1,True,False,0,,,,,True,0,,,,110,100,True
complexity,1,11,1,True,False,0,,,,,True,0,,,,93,65,True
complexity,1,12,1,True,False,0,,,,,True,0,,,,73,69,True
complexity,1,13,1,True,False,0,,,,,True,0,,,,87,79,True
complexity,1,15,1,True,False,0,,,,,True,0,,,,78,58,True
complexity,1,16,1,True,False,0,,,,,True,0,,,,60,61,True
complexity,1,17,1,True,False,0,,,,,True,0,,,,77,45,True
complexity,1,19,1,True,False,0,,,,,True,0,,,,75,72,True
complexity,1,20,1,True,False,0,,,,,True,0,,,,80,71,True
complexity,1,23,1,True,False,0,,,,,True,0,,,,82,69,True
complexity,1,27,1,True,False,0,,,,,True,0,,,,87,60,True
complexity,1,30,1,True,False,0,,,,,True,0,,,,74,72,True
complexity,1,31,1,True,False,0,,,,,True,0,,,,60,75,True
complexity,1,32,1,True,False,0,,,,,True,0,,,,79,79,True
complexity,1,33,1,True,False,0,,,,,True,0,,,,60,78,True
complexity,1,35,1,True,False,0,,,,,True,0,,,,104,84,True
complexity,1,37,1,True,False,0,,,,,True,0,,,,79,65,True
complexity,1,39,1,True,False,0,,,,,True,0,,,,78,60,True
complexity,1,40,1,True,False,0,,,,,True,0,,,,73,84,True
complexity,1,41,1,True,False,0,,,,,True,0,,,,76,63,True
complexity,1,43,1,True,False,0,,,,,True,0,,,,69,69,True
complexity,1,49,1,True,False,0,,,,,True,0,,,,73,86,True
complexity,16,751,1,True,False,0,,,,,True,0,,,,114,102,True
complexity,16,752,1,True,False,0,,,,,True,0,,,,63,60,True
complexity,16,753,1,True,False,0,,,,,True,0,,,,98,103,True
complexity,16,754,1,True,False,0,,,,,True,0,,,,93,87,True
complexity,16,756,1,True,False,0,,,,,True,0,,,,103,102,True
complexity,16,757,1,True,False,0,,,,,True,0,,,,109,102,True
complexity,16,758,1,True,False,0,,,,,True,0,,,,102,87,True
complexity,16,761,1,True,False,0,,,,,True,0,,,,104,118,True
complexity,16,763,1,True,False,0,,,"#1 A004.tasks.T001.Order_Before = T004 (task 1 before task 4), text reads 'task 1 ... depend ... task 4': ""anade a la tarea 1 de la actividad a004 una dependencia para que termine antes de empezar la tarea t004""",,True,0,,,,120,96,True
complexity,16,765,1,True,False,0,,,,,True,0,,,,114,90,True
complexity,16,767,1,True,False,0,,,,,True,0,,,,100,59,True
complexity,16,769,1,True,False,0,,,,,True,0,,,,77,64,True
complexity,16,771,1,True,False,0,,,,,True,0,,,,85,71,True
complexity,16,773,1,True,False,0,,,,,True,0,,,,110,108,True
complexity,16,776,1,True,False,0,,,,,True,0,,,,84,78,True
complexity,16,777,1,True,False,0,,,,,True,0,,,,116,108,True
complexity,16,778,1,True,False,0,,,,,True,0,,,,97,107,True
complexity,16,780,1,True,False,0,,,,,True,0,,,,113,100,True
complexity,16,781,1,True,False,0,,,,,True,0,,,,132,121,True
complexity,16,783,1,True,False,0,,,,,True,0,,,,110,117,True
complexity,16,787,1,True,False,0,,,,,True,0,,,,92,60,True
complexity,16,788,1,True,False,0,,,,,True,0,,,,97,87,True
complexity,16,791,1,True,False,0,,,,,True,0,,"#1 A001.tasks.T008.Order_Before = T006 (task 8 before task 6), text reads 'task 6 ... antes ... task 8': ""anade la regla de que la tarea 6 de la actividad 1 debe terminar antes de que comience la tarea 8""",,116,98,True
complexity,16,797,1,True,False,0,,,,,True,0,,,,112,135,True
complexity,16,798,1,True,False,0,,,,,True,0,,,,127,103,True
complexity,50,2450,1,True,False,0,,,,,True,0,,,,113,111,True
complexity,50,2451,1,True,False,0,,,,,True,0,,,,69,47,True
complexity,50,2452,1,True,False,0,,,,,True,0,,,,122,102,True
complexity,50,2453,1,True,False,0,,,,,True,0,,,,46,60,True
complexity,50,2456,1,True,False,0,,,,,True,0,,,,92,62,True
complexity,50,2457,1,True,False,0,,,,,True,0,,,,116,118,True
complexity,50,2458,1,True,False,0,,,,,True,0,,,,122,105,True
complexity,50,2459,1,True,False,0,,,,,True,0,,,,109,86,True
complexity,50,2460,1,True,False,0,,,,,True,0,,,,111,137,True
complexity,50,2462,1,True,False,0,,,"#1 A003.Activity_Order_Before = A004 (activity 3 before activity 4), text reads 'activity 3 ... depend ... activity 4': ""anota por ahi que la actividad 3 ahora tambien dependa de terminar antes de empezar la actividad 4""",,True,0,,,,99,90,True
complexity,50,2463,1,True,False,0,,,,,True,0,,,,110,97,True
complexity,50,2464,1,True,False,0,,,,,True,0,,,,116,106,True
complexity,50,2465,1,True,False,0,,,,,True,0,,,,79,70,True
complexity,50,2467,1,True,False,0,,,,,True,0,,,,57,59,True
complexity,50,2468,1,True,False,0,,,,,True,0,,,,81,60,True
complexity,50,2471,1,True,False,0,,,,,True,0,,,,82,69,True
complexity,50,2473,1,True,False,0,,runId,,,True,0,,,,81,48,True
complexity,50,2474,1,True,False,0,,,,,True,0,,,,113,98,True
complexity,50,2476,1,True,False,0,,,,,True,0,,,,113,107,True
complexity,50,2479,1,True,False,0,,,,,True,0,,,,77,57,True
complexity,50,2485,1,True,False,0,,,"#1 A049.Activity_Order_Before = A031 (activity 49 before activity 31), text reads 'activity 49 ... depend ... activity 31': ""haz que ahora la actividad 49 tambien dependa de terminar antes de empezar la actividad 31""",,True,0,,,,91,107,True
complexity,50,2490,1,True,False,0,,,,,True,0,,,,87,79,True
complexity,50,2496,1,True,False,0,,,,,True,0,,,,62,60,True
complexity,50,2497,1,True,False,0,,,"#1 A021.Activity_Order_Before = A002 (activity 21 before activity 2), text reads 'activity 21 ... depend ... activity 2': ""haz que ahora la actividad 21 tambien dependa de terminar antes de empezar la actividad 002""",,True,0,,,,92,90,True
complexity,50,2498,1,True,False,0,,,,,True,0,,,,114,88,True
complexity,150,2851,1,True,False,0,,,,,True,0,,,,115,110,True
complexity,150,2852,1,True,False,0,,,,,True,0,,,,65,36,True
complexity,150,2853,1,True,False,0,,,,,True,0,,,,113,105,True
complexity,150,2854,1,True,False,0,,,,,True,0,,,,63,58,True
complexity,150,2855,1,True,False,0,,,,,True,0,,,,132,86,True
complexity,150,2858,1,True,False,0,,,,,True,0,,,,88,76,True
complexity,150,2859,1,True,False,0,,,,,True,0,,,,82,90,True
complexity,150,2861,1,True,False,0,,,,,True,0,,,,88,65,True
complexity,150,2862,1,True,False,0,,,,,True,0,,,,126,124,True
complexity,150,2863,1,True,False,0,,,,,True,0,,,,114,92,True
complexity,150,2865,1,True,False,0,,,,,True,0,,,,84,64,True
complexity,150,2871,1,True,False,0,,,,,True,0,,,,109,108,True
complexity,150,2873,1,True,False,0,,,,,True,0,,,,116,116,True
complexity,150,2874,1,True,False,0,,,"#1 A028.Activity_Order_Before = A007 (activity 28 before activity 7), text reads 'activity 28 ... depend ... activity 7': ""haz que la actividad 28 ahora tambien dependa de que la actividad 7 termine antes de empezar""",,True,0,,,,93,109,True
complexity,150,2880,1,True,False,0,,,,,True,0,,,,81,59,True
complexity,150,2882,1,True,False,0,,,,,True,0,,,,116,126,True
complexity,150,2884,1,True,False,0,,,,,True,0,,,,113,105,True
complexity,150,2885,1,True,False,0,,,,,True,0,,,,76,60,True
complexity,150,2890,1,True,False,0,,,,,True,0,,,,65,55,True
complexity,150,2892,1,True,False,0,,,,,True,0,,,,83,67,True
complexity,150,2893,1,True,False,0,,,,,True,0,,,,65,36,True
complexity,150,2894,1,True,False,0,,,,,True,0,,,,111,107,True
complexity,150,2896,1,True,False,0,,,,,True,0,,,,127,120,True
complexity,150,2897,1,True,False,0,,runId,,,True,0,,,,80,64,True
complexity,150,2899,1,True,False,0,,,,,True,0,,,,110,100,True
completeness,1,2,1,True,False,0,,,,,True,0,,,,134,58,True
completeness,1,5,1,True,False,0,,,,,True,0,,,,69,40,True
completeness,1,6,1,True,False,0,,,,,True,0,,,,175,57,True
completeness,1,7,1,True,False,0,,,,,True,0,,,,124,63,True
completeness,1,9,1,True,False,0,,,,,True,0,,,,69,63,True
completeness,1,11,1,True,False,0,,,,,True,0,,,,121,44,True
completeness,1,14,1,True,False,0,,,,,True,0,,,,128,69,True
completeness,1,15,1,True,False,0,,,,,True,0,,,,90,65,True
completeness,1,20,1,True,False,0,,,,,True,0,,,,136,41,True
completeness,1,21,1,True,False,0,,,,,True,0,,,,59,42,True
completeness,1,23,1,True,False,0,,,,#1 T_wait = 18: '18 minutos',True,0,,,,173,50,True
completeness,1,27,1,True,False,0,,,,,True,0,,,,52,114,True
completeness,1,28,1,True,False,0,,,,,True,0,,,,61,58,True
completeness,1,30,1,True,False,0,,,,,True,0,,,,75,58,True
completeness,1,31,1,True,False,0,,,,,True,0,,,,105,124,True
completeness,1,33,1,True,False,0,,,,,True,0,,,,119,147,True
completeness,1,35,1,True,False,0,,,,,True,0,,,,82,59,True
completeness,1,37,1,True,False,0,,,,,True,0,,,,66,52,True
completeness,1,38,1,True,False,0,,,,,True,0,,,,75,62,True
completeness,1,41,1,True,False,0,,,,#1 T_wait = 47: '47 minutos',True,0,,,,134,56,True
completeness,1,42,1,True,False,0,,,,,True,0,,,,93,87,True
completeness,1,44,1,True,False,0,,,,,True,0,,,,146,86,True
completeness,1,45,1,True,False,0,,,,,True,0,,,,76,40,True
completeness,1,48,1,True,False,0,,,,#1 T_wait = 41: '41 minutos',True,0,,,,132,50,True
completeness,1,49,1,True,False,0,,,,,True,0,,,,133,43,True
completeness,5,201,5,True,False,0,,,"#4 A004.Activity_Order_Before = A008 (activity 4 before activity 8), text reads 'activity 4 ... depend ... activity 8': ""haz que ahora la actividad 4 dependa de terminar antes de empezar la actividad 8""",,True,0,,,,383,343,True
completeness,5,204,5,True,False,0,,,"#4 A004.Activity_Order_Before = A001 (activity 4 before activity 1), text reads 'activity 4 ... depend ... activity 1': ""haz que ahora la actividad 4 dependa de que primero termine la actividad 1""",#3 Duration = 60: '60 minutos',True,0,,,#3 Duration = 60: '60 minutos',390,344,True
completeness,5,205,5,True,False,0,,,"#4 A006.Activity_Order_Before = A008 (activity 6 before activity 8), text reads 'activity 6 ... depend ... activity 8': ""haz que ahora la actividad a006 dependa de terminar primero la actividad a008""",#1 Teams = 13: '13 minutos' | #2 T_wait = 13: '13 minutos',True,0,,,,399,349,True
completeness,5,206,5,True,False,0,,,"#4 A008.Activity_Order_Before = A005 (activity 8 before activity 5), text reads 'activity 8 ... hasta que ... activity 5': ""anade una dependencia haciendo que la actividad 8 no pueda empezar hasta que termine la actividad 5""",,True,0,,,,457,367,True
completeness,5,209,5,True,False,0,,,"#4 A004.Activity_Order_Before = A006 (activity 4 before activity 6), text reads 'activity 4 ... depend ... activity 6': ""ahora tambien haz que la actividad 4 dependa de terminar antes de que empiece la actividad 6""",,True,0,,,,376,325,True
completeness,5,211,5,True,False,0,,runId,,#2 Start_disp = 105: '105 minutos',True,0,,,,413,385,True
completeness,5,212,5,True,False,0,,,,#2 T_period = 5057: '5057 minutos',True,0,,,,402,279,True
completeness,5,217,5,True,False,0,,,,#3 Start_disp = 32: '32 minutos',True,0,,,,433,352,True
completeness,5,221,5,True,False,0,,,,#3 T_wait = 34: '34 minutos',True,0,,,,427,356,True
completeness,5,222,5,True,False,0,,,"#4 A004.Activity_Order_Before = A001 (activity 4 before activity 1), text reads 'activity 4 ... depend ... activity 1': ""haz que ahora la actividad 4 dependa de que la actividad 1 termine primero""",,True,0,,,,412,336,True
completeness,5,226,5,True,False,0,,,"#4 A004.Activity_Order_Before = A003 (activity 4 before activity 3), text reads 'activity 4 ... depend ... activity 3': ""anade a la actividad a-004 para que ahora tambien dependa de que la actividad a-003 termine primero""",#1 Cost_per_hour = 490: '490 euros',True,0,,,,438,374,True
completeness,5,227,5,True,False,0,,,,,True,0,,,,480,375,True
completeness,5,228,5,True,False,0,,,,,True,0,,,,404,411,True
completeness,5,232,5,True,False,0,,,"#5 A001.tasks.T005.Order_Before = T006 (task 5 before task 6), text reads 'task 5 ... despues ... task 6': ""elimina la dependencia que obligaba a que la tarea t005 empezara despues de terminar la tarea t006""",,True,0,,,,408,332,True
completeness,5,233,5,True,False,0,,,,,True,0,,,,359,280,True
completeness,5,234,5,True,False,0,,,,,True,0,,,,397,266,True
completeness,5,235,5,False,False,5,#1 DELETE A001.tasks.T016.Order_Before: missing activity | #2 DELETE A001.tasks.T011.Requires_Shutdown: missing activity | #3 SET A001.tasks.T007.Cost_per_hour = 554: missing activity | #4 APPEND A001.tasks.T010.Order_Before = T013: missing activity | #5 REMOVE_ITEM A001.tasks.T012.Order_Before = T014: missing activity,,,,False,5,#1 DELETE A001.tasks.T016.Order_Before: missing activity | #2 DELETE A001.tasks.T011.Requires_Shutdown: missing activity | #3 SET A001.tasks.T007.Cost_per_hour = 554: missing activity | #4 APPEND A001.tasks.T010.Order_Before = T013: missing activity | #5 REMOVE_ITEM A001.tasks.T012.Order_Before = T014: missing activity,,,409,370,True
completeness,5,236,5,True,False,0,,,,#2 Duration = 45: '45 minutos',True,0,,,,408,275,True
completeness,5,237,5,True,False,0,,,,#1 Start_disp = 54: '54 minutos',True,0,,,,369,316,True
completeness,5,238,5,True,False,0,,,,,True,0,,,,396,320,True
completeness,5,242,5,False,False,1,#4 APPEND A011.Activity_Order_Before = A006: missing activity,,,,True,0,,,,321,281,True
completeness,5,243,5,True,False,0,,,,#3 Start_disp = 43: '43 minutos',True,0,,,,390,319,True
completeness,5,246,5,True,False,0,,,,#3 T_wait = 59: '59 minutos',True,0,,,,417,334,True
completeness,5,248,5,True,False,0,,,,,True,0,,,,428,341,True
completeness,5,249,5,True,False,0,,,"#4 A016.Activity_Order_Before = A011 (activity 16 before activity 11), text reads 'activity 16 ... depend ... activity 11': ""anade que la actividad 16 ahora tambien depende de la actividad 11""",#3 Cost_per_hour = 376: '376 euros',True,0,,,,401,394,True
completeness,10,450,10,True,False,0,,,"#8 A001.Activity_Order_Before = A003 (activity 1 before activity 3), text reads 'activity 1 ... despues ... activity 3': ""no olvides que ahora la actividad 1 debe iniciar despues de que termine la actividad 3"" | #10 A001.tasks.T001.Order_Before = T004 (task 1 before task 4), text reads 'task 4 ... antes ... task 1': ""anade que la tarea 4 de la actividad 1 debe terminar antes de que empiece la tarea 1""",,True,0,,"#6 A001.tasks.T004.Order_Before = T001 (task 4 before task 1), text reads 'task 1 ... antes ... task 4': ""que el paso 1 de la actividad 1 termine antes de que empiece el paso 4"" | #10 A001.tasks.T001.Order_Before = T004 (task 1 before task 4), text reads 'task 4 ... antes ... task 1': ""anade que el paso 4 de la actividad 1 termine antes de que empiece el paso 1""",,813,684,True
completeness,10,452,10,True,False,0,,,"#7 A001.tasks.T002.Order_Before = T003 (task 2 before task 3), text reads 'task 3 ... antes ... task 2': ""quita la regla que decia que la tarea 3 debe terminar antes de empezar la tarea 2"" | #8 A004.tasks.T003.Order_Before = T001 (task 3 before task 1), text reads 'task 1 ... antes ... task 3': ""asegurate de anadir una nueva dependencia para que la tarea 1 termine antes de poder iniciar la tarea 3 de la actividad a-004"" | #10 A004.Activity_Order_Before = A003 (activity 4 before activity 3), text reads 'activity 3 ... antes ... activity 4': ""tambien haz que la actividad 3 deba terminar antes de que empiece la actividad 4""",,True,0,,,,876,646,True
completeness,10,453,10,True,False,0,,,"#8 A003.tasks.T001.Order_Before = T003 (task 1 before task 3), text reads 'task 3 ... previ ... task 1': ""anade la tarea t003 como requisito previo para iniciar la tarea t001 en la actividad 3"" | #9 A002.tasks.T002.Order_Before = T003 (task 2 before task 3), text reads 'task 3 ... antes ... task 2': ""elimina la dependencia que requiere que la tarea t003 termine antes de iniciar la tarea t002 en la actividad 2""",,True,0,,,,828,711,True
completeness,10,457,10,True,False,0,,,"#6 A003.tasks.T004.Order_Before = T001 (task 4 before task 1), text reads 'task 1 ... previ ... task 4': ""tambien anade a la tarea t001 como un requisito previo para la tarea t004 en a-003""",,True,0,,,,637,722,True
completeness,10,459,10,True,False,0,,,"#6 A004.Activity_Order_Before = A002 (activity 4 before activity 2), text reads 'activity 4 ... depend ... activity 2': ""anade que ahora la actividad a004 tambien dependa de que la actividad a002 termine primero"" | #8 A002.Activity_Order_Before = A004 (activity 2 before activity 4), text reads 'activity 2 ... depend ... activity 4': ""haz lo mismo para la tarea t002 en la actividad a002 pero cambiando la dependencia para que ahora tambien dependa de a004""",,True,0,,"#6 A004.Activity_Order_Before = A002 (activity 4 before activity 2), text reads 'activity 2 ... antes ... activity 4': ""anade a la actividad 2 la regla de que debe terminar antes de que empiece la actividad 4"" | #8 A002.Activity_Order_Before = A004 (activity 2 before activity 4), text reads 'activity 4 ... antes ... activity 2': ""anade a la actividad 4 la regla de que debe terminar antes de que empiece la actividad 2""",,772,787,True
completeness,10,465,10,False,False,1,#9 REMOVE_ITEM A001.tasks.T011.Order_Before = T012: missing task,,"#8 A001.tasks.T012.Order_Before = T005 (task 12 before task 5), text reads 'task 12 ... depend ... task 5': ""haz que la tarea t012 tambien dependa de la t005""",,True,0,,,,628,678,True
completeness,10,466,10,False,False,1,#2 DELETE A001.tasks.T003.Order_Enforced: missing task,,,,True,0,,,,719,604,True
completeness,10,467,10,False,False,1,#1 SET Simulation_period = 11907: missing value,,,,True,0,,,,582,595,True
completeness,10,468,10,False,False,1,#9 REMOVE_ITEM A001.tasks.T007.Order_Before = T008: missing task,,,#2 T_wait = 63: '63 minutos',True,0,,,,563,572,True
completeness,10,469,10,False,False,1,"#9 REMOVE_ITEM A001.tasks.T002.Order_Before = T003: missing task, value",,,#1 T_wait = 21: '21 minutos',True,0,,,,514,447,True
completeness,10,470,10,False,False,1,#8 APPEND A010.Activity_Order_Before = A002: missing activity,,"#6 A008.Activity_Order_Before = A002 (activity 8 before activity 2), text reads 'activity 8 ... depend ... activity 2': ""anade que la actividad 8 ahora tambien depende de la actividad 2"" | #10 A015.Activity_Order_Before = A004 (activity 15 before activity 4), text reads 'activity 15 ... depend ... activity 4': ""anade tambien que la actividad 15 dependa de la actividad 4""",,True,0,,,,642,620,True
completeness,10,472,10,False,False,1,#1 SET Simulation_period = 2513: missing value,,"#6 A015.Activity_Order_Before = A005 (activity 15 before activity 5), text reads 'activity 15 ... depend ... activity 5': ""haz que ahora la actividad a015 tambien dependa de la actividad a005"" | #8 A004.Activity_Order_Before = A011 (activity 4 before activity 11), text reads 'activity 11 ... antes ... activity 4': ""anade una nueva que haga que la actividad a011 termine antes de iniciar la actividad a004"" | #10 A005.Activity_Order_Before = A003 (activity 5 before activity 3), text reads 'activity 3 ... previ ... activity 5': ""finalmente agrega una regla para que la tarea a003 sea requisito previo para la tarea a005""",,True,0,,,,755,648,True
completeness,10,473,10,True,False,0,,,"#6 A015.Activity_Order_Before = A009 (activity 15 before activity 9), text reads 'activity 15 ... depend ... activity 9': ""haz que ahora la actividad 15 dependa de la actividad 9"" | #7 A002.Activity_Order_Before = A003 (activity 2 before activity 3), text reads 'activity 3 ... antes ... activity 2': ""quita la regla que obligaba a la actividad 3 terminar antes de empezar la actividad 2"" | #10 A010.Activity_Order_Before = A012 (activity 10 before activity 12), text reads 'activity 10 ... depend ... activity 12': ""agrega a la lista de precedencias de la actividad 10 para que ahora tambien dependa de la actividad 12""",,True,0,,,,798,591,True
completeness,10,474,10,False,False,1,#9 REMOVE_ITEM A008.Activity_Order_Before = A009: missing value,,"#6 A003.Activity_Order_Before = A010 (activity 3 before activity 10), text reads 'activity 3 ... depend ... activity 10': ""haz que la actividad a-003 tambien dependa de terminar antes de empezar la actividad a-010""",#4 Duration = 50: '50 minutos',True,0,,,,841,671,True
completeness,10,475,10,False,False,1,#9 REMOVE_ITEM A011.Activity_Order_Before = A012: missing value,,,,True,0,,,,707,753,True
completeness,10,476,10,True,False,0,,,"#6 A011.Activity_Order_Before = A008 (activity 11 before activity 8), text reads 'activity 11 ... depend ... activity 8': ""ahora haz que la actividad a-011 dependa de finalizar primero la actividad a-008"" | #8 A004.Activity_Order_Before = A012 (activity 4 before activity 12), text reads 'activity 4 ... depend ... activity 12': ""anade a la actividad a-004 para que ahora tambien dependa de completarse primero la a-012""",#5 Start_disp = 91: '91 minutos',True,0,,"#6 A011.Activity_Order_Before = A008 (activity 11 before activity 8), text reads 'activity 8 ... antes ... activity 11': ""anade que la actividad 8 deba terminar antes de que empiece la actividad 11"" | #10 A008.Activity_Order_Before = A011 (activity 8 before activity 11), text reads 'activity 11 ... antes ... activity 8': ""anade que la actividad 11 deba terminar antes de que empiece la actividad 8""",,698,714,True
completeness,10,478,10,True,False,0,,,"#6 A006.Activity_Order_Before = A002 (activity 6 before activity 2), text reads 'activity 6 ... depend ... activity 2': ""haz que ahora la actividad 6 dependa antes de comenzar la actividad 2"" | #8 A002.Activity_Order_Before = A004 (activity 2 before activity 4), text reads 'activity 2 ... hasta que ... activity 4': ""anade la regla que hace que la actividad 2 no pueda iniciar hasta que termine la actividad 4"" | #10 A002.Activity_Order_Before = A001 (activity 2 before activity 1), text reads 'activity 2 ... despues ... activity 1': ""anade a la lista de dependencias de la actividad 2 para que inicie despues de terminar la actividad 1""",#1 Cost_per_hour = 313: '313 euros',True,0,,,,759,626,True
completeness,10,479,10,True,False,0,,,"#10 A010.Activity_Order_Before = A009 (activity 10 before activity 9), text reads 'activity 10 ... despues ... activity 9': ""finalmente agrega que la actividad 10 va ahora despues de la actividad 9""",#5 T_wait = 67: '67 minutos',True,0,,,,629,642,True
completeness,10,480,10,True,False,0,,,,,True,0,,,,549,533,True
completeness,10,482,10,True,False,0,,,"#6 A006.Activity_Order_Before = A008 (activity 6 before activity 8), text reads 'activity 8 ... antes ... activity 6': ""haz que ahora tambien dependa la actividad 8 antes de empezar la actividad 6"" | #8 A003.Activity_Order_Before = A004 (activity 3 before activity 4), text reads 'activity 4 ... preced ... activity 3': ""asegurate de que a004 preceda a a003""",#3 Start_disp = 37: '37 minutos',True,0,,,,797,668,True
completeness,10,486,10,True,False,0,,,"#6 A003.Activity_Order_Before = A006 (activity 3 before activity 6), text reads 'activity 3 ... depend ... activity 6': ""haz que la actividad 3 dependa tambien de la actividad 6"" | #8 A003.tasks.T002.Order_Before = T001 (task 2 before task 1), text reads 'task 2 ... depend ... task 1': ""anade que la tarea 2 de la actividad 3 depende ahora de la tarea 1""",,True,0,,,,700,711,True
completeness,10,488,10,False,False,1,#9 REMOVE_ITEM A003.Activity_Order_Before = A004: missing activity,runId,"#6 A002.Activity_Order_Before = A004 (activity 2 before activity 4), text reads 'activity 2 ... depend ... activity 4': ""haz que la segunda actividad ahora tambien dependa de la cuarta""",,True,0,,,,606,533,True
completeness,10,491,10,True,False,0,,,"#6 A002.tasks.T007.Order_Before = T003 (task 7 before task 3), text reads 'task 7 ... depend ... task 3': ""anade una regla que haga que la tarea t007 en a002 ahora tambien dependa de t003 terminar antes"" | #7 A001.tasks.T003.Order_Before = T004 (task 3 before task 4), text reads 'task 4 ... antes ... task 3': ""elimina la dependencia de que t004 vaya antes que t003 pero si anade una regla nueva para que t006 sea requisito para empezar t003"" | #8 A001.tasks.T003.Order_Before = T002 (task 3 before task 2), text reads 'task 2 ... antes ... task 3': ""en su lugar haz que t002 termine antes de t003"" | #9 A002.tasks.T003.Order_Before = T004 (task 3 before task 4), text reads 'task 4 ... antes ... task 3': ""elimina la dependencia de que t004 vaya antes que t003 pero si anade una regla nueva para que t006 sea requisito para empezar t003"" | #10 A002.tasks.T003.Order_Before = T006 (task 3 before task 6), text reads 'task 6 ... requisito para ... task 3': ""elimina la dependencia de que t004 vaya antes que t003 pero si anade una regla nueva para que t006 sea requisito para empezar t003""",,True,0,,,,738,683,True
completeness,10,493,10,True,False,0,,,,,True,0,,,,705,699,True
completeness,10,497,10,True,False,0,,,"#6 A002.Activity_Order_Before = A001 (activity 2 before activity 1), text reads 'activity 2 ... depend ... activity 1': ""anade que la actividad a002 dependa de terminar primero la actividad a001"" | #8 A002.tasks.T006.Order_Before = T001 (task 6 before task 1), text reads 'task 6 ... depend ... task 1': ""agrega que la tarea t006 de la actividad a002 depende de completarse primero la tarea t001"" | #10 A001.Activity_Order_Before = A002 (activity 1 before activity 2), text reads 'activity 1 ... depend ... activity 2': ""haz que la actividad a001 ahora tambien dependa de que termine antes la actividad a002""",,True,0,,"#6 A002.Activity_Order_Before = A001 (activity 2 before activity 1), text reads 'activity 1 ... antes ... activity 2': ""tambien que la actividad 1 debe terminar antes de que empiece la actividad 2"" | #10 A001.Activity_Order_Before = A002 (activity 1 before activity 2), text reads 'activity 2 ... antes ... activity 1': ""anade que la actividad 2 debe terminar antes de que empiece la actividad 1""",,853,693,True
completeness,15,700,15,False,False,1,#5 SET Simulation_period = 6548: missing value,,"#7 A001.tasks.T007.Order_Before = T006 (task 7 before task 6), text reads 'task 7 ... depend ... task 6': ""anade que ahora t007 dependa de terminar primero t006 en la actividad 1"" | #9 A002.Activity_Order_Before = A001 (activity 2 before activity 1), text reads 'activity 1 ... preced ... activity 2': ""haz que la actividad a001 preceda a a002"" | #11 A001.tasks.T006.Order_Before = T004 (task 6 before task 4), text reads 'task 6 ... depend ... task 4': ""agrega que ahora t006 depende de terminar primero t004"" | #15 A001.tasks.T002.Order_Before = T006 (task 2 before task 6), text reads 'task 2 ... depend ... task 6': ""agrega que ahora t002 depende de terminar primero t006""",,False,1,#5 SET Simulation_period = 6548: missing value,,,740,920,True
completeness,15,701,15,False,False,1,#14 REMOVE_ITEM A001.tasks.T004.Order_Before = T005: missing value,,"#9 A001.Activity_Order_Before = A002 (activity 1 before activity 2), text reads 'activity 2 ... antes ... activity 1': ""pero haz que ahora la segunda actividad tenga que terminar antes de que comience cualquier cosa en la primera actividad"" | #11 A002.tasks.T001.Order_Before = T003 (task 1 before task 3), text reads 'task 1 ... depend ... task 3': ""anade que el paso 1 de la tarea t001 de la misma actividad ahora depende del paso 3""",,True,0,,"#7 A002.Activity_Order_Before = A001 (activity 2 before activity 1), text reads 'activity 1 ... antes ... activity 2': ""que la actividad 1 debe terminar antes de que empiece la actividad 2"" | #9 A001.Activity_Order_Before = A002 (activity 1 before activity 2), text reads 'activity 2 ... antes ... activity 1': ""anade que la actividad 2 debe terminar antes de que empiece la actividad 1""",,1203,1002,True
completeness,15,704,15,True,False,0,,,"#9 A002.Activity_Order_Before = A001 (activity 2 before activity 1), text reads 'activity 1 ... antes ... activity 2': ""haz que la actividad a001 se ejecute antes de a002""",,True,0,,"#9 A002.Activity_Order_Before = A001 (activity 2 before activity 1), text reads 'activity 1 ... antes ... activity 2': ""anade que la actividad 1 deba terminar antes de que empiece la actividad 2"" | #13 A001.Activity_Order_Before = A002 (activity 1 before activity 2), text reads 'activity 2 ... antes ... activity 1': ""anade que la actividad 2 deba terminar antes de que empiece la actividad 1""",,957,1214,True
completeness,15,705,15,True,False,0,,,"#7 A002.Activity_Order_Before = A001 (activity 2 before activity 1), text reads 'activity 2 ... depend ... activity 1': ""anade una regla para que la actividad 2 dependa de terminarse la actividad 1 primero"" | #8 A002.tasks.T001.Order_Before = T002 (task 1 before task 2), text reads 'task 1 ... depend ... task 2': ""haz que el octavo paso de la primera actividad ahora tambien dependa del segundo paso"" | #9 A001.tasks.T008.Order_Before = T002 (task 8 before task 2), text reads 'task 8 ... depend ... task 2': ""haz que el octavo paso de la primera actividad ahora tambien dependa del segundo paso"" | #15 A001.tasks.T008.Order_Before = T006 (task 8 before task 6), text reads 'task 6 ... antes ... task 8': ""anade que debe terminarse el sexto paso antes de iniciar el octavo en la misma actividad""",#1 Simulation_period = 9389: '9389 minutos',True,0,,"#7 A002.Activity_Order_Before = A001 (activity 2 before activity 1), text reads 'activity 1 ... antes ... activity 2': ""borra la regla que la actividad 1 deba terminar antes de la actividad 2"" | #12 A001.Activity_Order_Before = A002 (activity 1 before activity 2), text reads 'activity 2 ... antes ... activity 1': ""haz que la actividad 2 termine antes de la actividad 1"" | #15 A001.tasks.T008.Order_Before = T006 (task 8 before task 6), text reads 'task 6 ... antes ... task 8': ""anade que la tarea 6 deba terminar antes de la tarea 8""",,703,841,True
completeness,15,707,15,False,False,1,#10 REMOVE_ITEM A002.tasks.T005.Order_Before = T006: missing value,,"#11 A001.tasks.T004.Order_Before = T003 (task 4 before task 3), text reads 'task 4 ... depend ... task 3': ""haz que ahora la tarea t004 de la actividad 1 dependa de la finalizacion de t003"" | #13 A001.Activity_Order_Before = A002 (activity 1 before activity 2), text reads 'activity 2 ... antes ... activity 1': ""asegurate tambien que la actividad 2 deba terminar antes de empezar la actividad 1""",#3 Duration = 17: '17 minutos',True,0,,"#7 A002.Activity_Order_Before = A001 (activity 2 before activity 1), text reads 'activity 1 ... antes ... activity 2': ""agrega que la actividad 1 termine antes de que empiece la actividad 2"" | #13 A001.Activity_Order_Before = A002 (activity 1 before activity 2), text reads 'activity 2 ... antes ... activity 1': ""haz que la actividad 2 termine antes de que empiece la actividad 1""",,890,892,True
completeness,15,708,15,True,False,0,,,"#7 A001.tasks.T007.Order_Before = T004 (task 7 before task 4), text reads 'task 7 ... depend ... task 4': ""anade que ahora la tarea 7 de la actividad 1 depende de terminar primero la tarea 4"" | #9 A002.tasks.T003.Order_Before = T001 (task 3 before task 1), text reads 'task 3 ... depend ... task 1': ""haz que la tarea 3 en la actividad 2 tambien dependa ahora de completarse primero la tarea 1"" | #15 A001.Activity_Order_Before = A002 (activity 1 before activity 2), text reads 'activity 2 ... preced ... activity 1': ""asegurate de que la actividad 2 precede a la actividad 1""",,True,0,,"#9 A002.tasks.T003.Order_Before = T001 (task 3 before task 1), text reads 'task 1 ... antes ... task 3': ""que la tarea 1 terminara antes de la tarea 3"" | #12 A002.tasks.T001.Order_Before = T003 (task 1 before task 3), text reads 'task 3 ... antes ... task 1': ""que la tarea 3 de la actividad 2 debe terminar antes de la tarea 1"" | #13 A002.Activity_Order_Before = A001 (activity 2 before activity 1), text reads 'activity 1 ... antes ... activity 2': ""que la actividad 1 debe terminar antes de que empiece la actividad 2"" | #15 A001.Activity_Order_Before = A002 (activity 1 before activity 2), text reads 'activity 2 ... antes ... activity 1': ""anade que la actividad 2 debe terminar antes de que empiece la actividad 1""",,995,934,True
completeness,15,711,15,True,False,0,,,"#7 A002.Activity_Order_Before = A009 (activity 2 before activity 9), text reads 'activity 2 ... depend ... activity 9': ""haz que la actividad 2 ahora tambien dependa de la finalizacion de la actividad 9"" | #11 A016.Activity_Order_Before = A015 (activity 16 before activity 15), text reads 'activity 16 ... despues ... activity 15': ""agrega una nueva regla en la actividad 16 para que termine despues de la finalizacion de la actividad 15"" | #15 A011.Activity_Order_Before = A015 (activity 11 before activity 15), text reads 'activity 11 ... depend ... activity 15': ""actualiza las dependencias en la actividad 11 para que ahora tambien dependa de la finalizacion de la actividad 15""",,True,0,,,,1201,1029,True
completeness,15,714,15,False,False,1,#1 DELETE A011.tasks.T001.Duration: missing activity,,"#9 A007.Activity_Order_Before = A003 (activity 7 before activity 3), text reads 'activity 3 ... requisito para ... activity 7': ""anade la actividad 3 como requisito para la actividad 7"" | #11 A002.Activity_Order_Before = A008 (activity 2 before activity 8), text reads 'activity 8 ... requisito para ... activity 2': ""la actividad 8 como requisito para la actividad 2"" | #13 A004.Activity_Order_Before = A015 (activity 4 before activity 15), text reads 'activity 15 ... preced ... activity 4': ""haz que la actividad 15 preceda a la actividad 4 despues de eliminar la regla que obligaba a la actividad 6 terminar antes de empezar la actividad 7"" | #15 A006.Activity_Order_Before = A005 (activity 6 before activity 5), text reads 'activity 5 ... requisito para ... activity 6': ""anade la actividad 5 como requisito para la actividad 6""",#4 Duration = 45: '45 minutos',True,0,,,,923,842,True
completeness,15,717,15,False,False,1,#10 REMOVE_ITEM A012.Activity_Order_Before = A013: missing activity,,"#7 A007.Activity_Order_Before = A010 (activity 7 before activity 10), text reads 'activity 7 ... depend ... activity 10': ""haz que la actividad a007 ahora tambien dependa de la finalizacion de a010 antes de empezar"" | #15 A002.Activity_Order_Before = A015 (activity 2 before activity 15), text reads 'activity 15 ... previ ... activity 2': ""anade una regla para que a015 sea requisito previo para empezar a002 pero primero quita la regla que obligaba a que a015 terminara antes de a016""",,True,0,,,,930,915,True
completeness,15,718,15,False,False,1,#14 REMOVE_ITEM A003.Activity_Order_Before = A004: missing value,,"#11 A016.Activity_Order_Before = A013 (activity 16 before activity 13), text reads 'activity 16 ... depend ... activity 13': ""anade a la a016 como dependiente de que termine la a013"" | #13 A011.Activity_Order_Before = A003 (activity 11 before activity 3), text reads 'activity 3 ... requisito para ... activity 11': ""haz que la a003 sea requisito para que empiece la a011""",,True,0,,,,927,664,True
completeness,15,719,15,False,False,1,"#5 SET A005.tasks.T001.Order_Enforced = False: missing activity, parameter",,"#8 A009.Activity_Order_Before = A010 (activity 9 before activity 10), text reads 'activity 10 ... antes ... activity 9': ""quita la regla que obligaba a terminar a010 antes del inicio de a009"" | #10 A002.Activity_Order_Before = A003 (activity 2 before activity 3), text reads 'activity 3 ... antes ... activity 2': ""elimina la condicion que requeria a003 antes de comenzar a002"" | #11 A006.Activity_Order_Before = A009 (activity 6 before activity 9), text reads 'activity 9 ... previ ... activity 6': ""anade a a009 como requisito previo para iniciar a006"" | #12 A008.Activity_Order_Before = A009 (activity 8 before activity 9), text reads 'activity 9 ... antes ... activity 8': ""tambien quita la regla que obligaba a terminar a009 antes del inicio de a008"" | #14 A010.Activity_Order_Before = A011 (activity 10 before activity 11), text reads 'activity 11 ... antes ... activity 10': ""elimina la condicion que requeria a011 antes de comenzar a010"" | #15 A012.Activity_Order_Before = A002 (activity 12 before activity 2), text reads 'activity 2 ... antes ... activity 12': ""anade que a002 va antes que a012""",,True,0,,,,956,1076,True
completeness,15,724,15,True,False,0,,,"#9 A005.Activity_Order_Before = A007 (activity 5 before activity 7), text reads 'activity 5 ... despues ... activity 7': ""anade la regla para que la actividad a005 vaya despues de la actividad a007"" | #11 A002.Activity_Order_Before = A008 (activity 2 before activity 8), text reads 'activity 2 ... depend ... activity 8': ""agrega la dependencia para que la actividad a002 ahora tambien dependa de la actividad a008"" | #13 A007.tasks.T002.Order_Before = T001 (task 2 before task 1), text reads 'task 2 ... despues ... task 1': ""anade una nueva regla para hacer que la tarea t002 en la actividad a007 empiece despues de la tarea t001"" | #15 A006.tasks.T002.Order_Before = T001 (task 2 before task 1), text reads 'task 2 ... despues ... task 1': ""anade una nueva regla para hacer que la tarea t002 en la actividad a006 empiece despues de la tarea t001""",,True,0,,,,1181,897,True
completeness,15,725,15,True,False,0,,,"#8 A005.Activity_Order_Before = A006 (activity 5 before activity 6), text reads 'activity 6 ... antes ... activity 5': ""ademas quita la regla que obligaba a que la actividad 6 terminara antes de empezar la actividad 5"" | #9 A008.Activity_Order_Before = A005 (activity 8 before activity 5), text reads 'activity 5 ... antes ... activity 8': ""tambien que la actividad 5 va antes que la actividad 8"" | #11 A002.Activity_Order_Before = A007 (activity 2 before activity 7), text reads 'activity 7 ... preced ... activity 2': ""anade que la actividad 7 precede a la actividad 2""",,True,0,,"#7 A007.Activity_Order_Before = A002 (activity 7 before activity 2), text reads 'activity 2 ... antes ... activity 7': ""que la actividad 2 debe terminar antes de que empiece la actividad 7"" | #11 A002.Activity_Order_Before = A007 (activity 2 before activity 7), text reads 'activity 7 ... antes ... activity 2': ""anade que la actividad 7 debe terminar antes de que empiece la actividad 2""",,801,1030,True
completeness,15,727,15,True,False,0,,,"#7 A006.tasks.T002.Order_Before = T001 (task 2 before task 1), text reads 'task 2 ... depend ... task 1': ""haz que la tarea 2 de la actividad 6 dependa de la tarea 1"" | #10 A008.tasks.T001.Order_Before = T002 (task 1 before task 2), text reads 'task 2 ... antes ... task 1': ""tambien quita la dependencia que requeria que la tarea 2 termine antes de iniciar la tarea 1 en la actividad 8"" | #11 A008.tasks.T002.Order_Before = T001 (task 2 before task 1), text reads 'task 1 ... antes ... task 2': ""quita la dependencia que obligaba a la tarea 1 de la misma actividad a terminar antes de empezar la tarea 2"" | #12 A003.tasks.T001.Order_Before = T002 (task 1 before task 2), text reads 'task 1 ... depend ... task 2': ""haz que la primera tarea de a003 ya no dependa de t002"" | #15 A002.Activity_Order_Before = A004 (activity 2 before activity 4), text reads 'activity 2 ... depend ... activity 4': ""finalmente anade a la actividad 2 una dependencia de que termine la actividad 4 primero""",,True,0,,"#7 A006.tasks.T002.Order_Before = T001 (task 2 before task 1), text reads 'task 1 ... antes ... task 2': ""quita la regla que obligaba a la tarea 1 de la actividad 6 a terminar antes de la tarea 2"" | #8 A006.tasks.T001.Order_Before = T002 (task 1 before task 2), text reads 'task 2 ... antes ... task 1': ""anade que la tarea 2 de la actividad 6 debe terminar antes de la tarea 1"" | #10 A008.tasks.T001.Order_Before = T002 (task 1 before task 2), text reads 'task 2 ... antes ... task 1': ""anade que la tarea 2 de la actividad 8 debe terminar antes de la tarea 1"" | #11 A008.tasks.T002.Order_Before = T001 (task 2 before task 1), text reads 'task 1 ... antes ... task 2': ""quita la regla que obligaba a la tarea 1 de la actividad 8 a terminar antes de la tarea 2""",,1092,1019,True
completeness,15,728,15,True,False,0,,,"#9 A008.Activity_Order_Before = A007 (activity 8 before activity 7), text reads 'activity 8 ... depend ... activity 7': ""tambien anade que la actividad a008 ahora depende de a007"" | #13 A001.Activity_Order_Before = A004 (activity 1 before activity 4), text reads 'activity 1 ... depend ... activity 4': ""anade que la actividad a001 ahora tambien depende de a004"" | #14 A001.tasks.T001.Order_Before = T002 (task 1 before task 2), text reads 'task 2 ... antes ... task 1': ""anade que la tarea t002 en la actividad a001 debe terminar antes de empezar t001""",,True,0,,"#11 A001.tasks.T002.Order_Before = T001 (task 2 before task 1), text reads 'task 1 ... antes ... task 2': ""quita la regla que obligaba a que la tarea 1 de la actividad 1 terminara antes de la tarea 2"" | #13 A001.Activity_Order_Before = A004 (activity 1 before activity 4), text reads 'activity 4 ... antes ... activity 1': ""anade que la actividad 4 debe terminar antes de que empiece la actividad 1"" | #14 A001.tasks.T001.Order_Before = T002 (task 1 before task 2), text reads 'task 2 ... antes ... task 1': ""anade que la tarea 2 de la actividad 1 debe terminar antes de la tarea 1"" | #15 A004.Activity_Order_Before = A001 (activity 4 before activity 1), text reads 'activity 1 ... antes ... activity 4': ""anade que la actividad 1 debe terminar antes de que empiece la actividad 4""",,1082,1125,True
completeness,15,732,15,True,False,0,,,"#7 A002.Activity_Order_Before = A004 (activity 2 before activity 4), text reads 'activity 2 ... depend ... activity 4': ""asegurate de que ahora la actividad a002 dependa de la a004"" | #9 A002.tasks.T001.Order_Before = T003 (task 1 before task 3), text reads 'task 1 ... depend ... task 3': ""haz que la tarea t001 de la actividad a002 ahora tambien dependa de t003"" | #13 A004.Activity_Order_Before = A003 (activity 4 before activity 3), text reads 'activity 4 ... despues ... activity 3': ""que la a004 va despues de a003"" | #14 A002.tasks.T001.Order_Before = T002 (task 1 before task 2), text reads 'task 1 ... depend ... task 2': ""asegurate tambien de que la tarea t001 de a002 ya no dependa de t002""",,True,0,,,,1029,1074,True
completeness,15,735,15,False,False,1,#1 SET A001.T_wait = 23: missing value,,"#15 A004.tasks.T003.Order_Before = T002 (task 3 before task 2), text reads 'task 2 ... previ ... task 3': ""ademas anade a t002 como requisito previo para la tarea 3 de la misma actividad""",#3 T_wait = 29: '29 minutos',False,1,#1 SET A001.T_wait = 23: missing value,,,1031,959,True
completeness,15,736,15,True,False,0,,,"#9 A003.Activity_Order_Before = A001 (activity 3 before activity 1), text reads 'activity 3 ... depend ... activity 1': ""pone que la actividad 3 ahora tambien dependa de la actividad 1"" | #15 A003.tasks.T001.Order_Before = T004 (task 1 before task 4), text reads 'task 1 ... depend ... task 4': ""anade que la primera tarea de la actividad 3 tambien depende de que la tarea 4 termine primero""",,True,0,,,,1025,888,True
completeness,15,739,15,True,False,0,,,"#9 A002.Activity_Order_Before = A004 (activity 2 before activity 4), text reads 'activity 4 ... requisito para ... activity 2': ""anade a la actividad 4 como requisito para que la actividad 2 pueda empezar"" | #11 A003.tasks.T004.Order_Before = T002 (task 4 before task 2), text reads 'task 2 ... antes ... task 4': ""luego anade que ahora la tarea 2 debe terminar antes de que comience la tarea 4 en la actividad 3"" | #13 A003.tasks.T004.Order_Before = T001 (task 4 before task 1), text reads 'task 1 ... preced ... task 4': ""finalmente asegurate de que la tarea 1 tambien preceda a la tarea 4 en esa misma actividad"" | #15 A001.Activity_Order_Before = A004 (activity 1 before activity 4), text reads 'activity 4 ... requisito para ... activity 1': ""haz que la actividad 4 sea requisito para que la actividad 1 pueda empezar""",,True,0,,,,1145,955,True
completeness,15,740,15,False,False,1,"#14 REMOVE_ITEM A001.tasks.T010.Order_Before = T011: missing task, value",,"#7 A001.tasks.T005.Order_Before = T003 (task 5 before task 3), text reads 'task 5 ... depend ... task 3': ""anade que la tarea 5 ahora depende tambien de la tarea 3"" | #10 A001.tasks.T013.Order_Before = T014 (task 13 before task 14), text reads 'task 13 ... depend ... task 14': ""elimina la regla que hacia que la tarea 13 dependiera de la tarea 14"" | #11 A001.tasks.T016.Order_Before = T009 (task 16 before task 9), text reads 'task 9 ... preced ... task 16': ""anade la tarea 9 como precedente para la tarea 16"" | #15 A001.tasks.T006.Order_Before = T008 (task 6 before task 8), text reads 'task 6 ... depend ... task 8': ""anade que la tarea 6 depende ahora tambien de la tarea 8""",,False,14,"#1 DELETE A001.tasks.T015.Order_Enforced: missing activity | #3 DELETE A001.tasks.T013.Duration: missing activity | #4 DELETE A001.T_period: missing activity, parameter | #5 SET A001.tasks.T015.Cost_per_hour = 579: missing activity | #6 DELETE A001.tasks.T016.Order_Before: missing activity | #7 APPEND A001.tasks.T005.Order_Before = T003: missing activity | #8 REMOVE_ITEM A001.tasks.T014.Order_Before = T015: missing activity | #9 APPEND A001.tasks.T005.Order_Before = T002: missing activity | #10 REMOVE_ITEM A001.tasks.T013.Order_Before = T014: missing activity | #11 APPEND A001.tasks.T016.Order_Before = T009: missing activity | #12 REMOVE_ITEM A001.tasks.T001.Order_Before = T002: missing activity | #13 APPEND A001.tasks.T004.Order_Before = T013: missing activity | #14 REMOVE_ITEM A001.tasks.T010.Order_Before = T011: missing activity | #15 APPEND A001.tasks.T006.Order_Before = T008: missing activity",,,845,534,True
completeness,15,741,15,True,False,0,,,"#10 A001.tasks.T012.Order_Before = T013 (task 12 before task 13), text reads 'task 12 ... despues ... task 13': ""tambien la que forzaba a t012 ir despues de t013"" | #11 A001.tasks.T012.Order_Before = T001 (task 12 before task 1), text reads 'task 12 ... depend ... task 1': ""haz que ahora t012 dependa tanto de t001 como de t005"" | #13 A001.tasks.T012.Order_Before = T005 (task 12 before task 5), text reads 'task 12 ... depend ... task 5': ""haz que ahora t012 dependa tanto de t001 como de t005"" | #14 A001.tasks.T009.Order_Before = T010 (task 9 before task 10), text reads 'task 9 ... despues ... task 10': ""tambien la que forzaba a t009 ir despues de t010""",#1 Cost_per_hour = 855: '855 euros',True,0,,,,906,809,True
completeness,15,743,15,True,False,0,,,"#9 A001.tasks.T016.Order_Before = T006 (task 16 before task 6), text reads 'task 16 ... despues ... task 6': ""anade tambien que la tarea 16 va ahora tambien despues de la tarea 6""",#2 Cost_per_hour = 706: '706 euros' | #6 Cost_per_hour = 477: '477 euros',True,0,,,,1032,676,True
completeness,15,745,15,False,False,13,#2 DELETE A001.tasks.T002.Cost_per_hour: missing activity | #4 DELETE A001.Team: missing activity | #5 SET A001.tasks.T007.Duration = 47: missing activity | #6 SET A001.tasks.T005.Requires_Shutdown = False: missing activity | #7 APPEND A001.tasks.T016.Order_Before = T014: missing activity | #8 REMOVE_ITEM A001.tasks.T002.Order_Before = T003: missing activity | #9 APPEND A001.tasks.T002.Order_Before = T016: missing activity | #10 REMOVE_ITEM A001.tasks.T009.Order_Before = T010: missing activity | #11 APPEND A001.tasks.T013.Order_Before = T007: missing activity | #12 REMOVE_ITEM A001.tasks.T008.Order_Before = T009: missing activity | #13 APPEND A001.tasks.T013.Order_Before = T005: missing activity | #14 REMOVE_ITEM A001.tasks.T004.Order_Before = T005: missing activity | #15 APPEND A001.tasks.T002.Order_Before = T010: missing activity,,"#9 A001.tasks.T002.Order_Before = T016 (task 2 before task 16), text reads 'task 2 ... depend ... task 16': ""ahora tambien haz que la tarea 2 dependa de la finalizacion de las tareas 16""",#5 Duration = 47: '47 minutos',True,0,,,,847,897,True
completeness,15,746,15,False,False,2,"#5 DELETE A001.T_period: missing parameter | #14 REMOVE_ITEM A001.tasks.T015.Order_Before = T016: missing task, value",,"#11 A001.tasks.T003.Order_Before = T011 (task 3 before task 11), text reads 'task 11 ... antes ... task 3': ""asegurate de que t011 termine antes de empezar t003"" | #13 A001.tasks.T001.Order_Before = T012 (task 1 before task 12), text reads 'task 12 ... preced ... task 1': ""asegurate de que t012 tambien precede a t001"" | #15 A001.tasks.T012.Order_Before = T001 (task 12 before task 1), text reads 'task 1 ... antes ... task 12': ""anade una regla que haga que t001 termine antes de empezar t012 y""",,True,0,,"#9 A001.tasks.T011.Order_Before = T003 (task 11 before task 3), text reads 'task 3 ... antes ... task 11': ""la tarea 3 antes de la tarea 11"" | #11 A001.tasks.T003.Order_Before = T011 (task 3 before task 11), text reads 'task 11 ... antes ... task 3': ""la tarea 11 antes de la tarea 3"" | #13 A001.tasks.T001.Order_Before = T012 (task 1 before task 12), text reads 'task 12 ... antes ... task 1': ""la tarea 12 antes de la tarea 1"" | #15 A001.tasks.T012.Order_Before = T001 (task 12 before task 1), text reads 'task 1 ... antes ... task 12': ""la tarea 1 antes de la tarea 12""",,820,603,True
completeness,15,748,15,True,False,0,,,,#5 Start_disp = 92: '92 minutos',False,14,#1 SET A001.tasks.T015.Cost_per_hour = 672: missing activity | #3 DELETE A001.Activity_Order_Enforced: missing activity | #4 SET A001.Team = TeamE: missing activity | #5 SET A001.Start_disp = 92: missing activity | #6 SET A001.T_period = 7254: missing activity | #7 APPEND A001.tasks.T002.Order_Before = T013: missing activity | #8 REMOVE_ITEM A001.tasks.T004.Order_Before = T005: missing activity | #9 APPEND A001.tasks.T006.Order_Before = T004: missing activity | #10 REMOVE_ITEM A001.tasks.T005.Order_Before = T006: missing activity | #11 APPEND A001.tasks.T015.Order_Before = T007: missing activity | #12 REMOVE_ITEM A001.tasks.T012.Order_Before = T014: missing activity | #13 APPEND A001.tasks.T002.Order_Before = T005: missing activity | #14 REMOVE_ITEM A001.tasks.T002.Order_Before = T004: missing activity | #15 APPEND A001.tasks.T003.Order_Before = T008: missing activity,,,702,802,True
