axis,level,sample_idx,em_A,f1_A,omission_A,collateral_A,tokens_A,prompt_A,completion_A,truncated_A,attempts_A,timeout_A,finish_A,em_B,f1_B,omission_B,collateral_B,tokens_B,prompt_B,completion_B,truncated_B,attempts_B,timeout_B,finish_B,em_C,f1_C,omission_C,collateral_C,tokens_C,prompt_C,completion_C,truncated_C,attempts_C,timeout_C,finish_C,new_ok
complexity,1,1,1.0,1.0,0.0,0.0,2916,2738,178,0.0,1,False,,1.0,1.0,0.0,0.0,2924,2738,186,0.0,1,False,stop,1.0,1.0,0.0,0.0,3015,2741,274,0.0,1,False,stop,True
complexity,1,5,1.0,1.0,0.0,0.0,2946,2737,209,0.0,1,False,,1.0,1.0,0.0,0.0,2966,2737,229,0.0,1,False,stop,1.0,1.0,0.0,0.0,2963,2743,220,0.0,1,False,stop,True
complexity,1,6,1.0,1.0,0.0,0.0,3055,2740,315,0.0,1,False,,1.0,1.0,0.0,0.0,2983,2740,243,0.0,1,False,stop,1.0,1.0,0.0,0.0,2928,2738,190,0.0,1,False,stop,True
complexity,1,8,1.0,1.0,0.0,0.0,3063,2746,317,0.0,1,False,,1.0,1.0,0.0,0.0,2975,2746,229,0.0,1,False,stop,1.0,1.0,0.0,0.0,3649,2748,901,0.0,1,False,stop,True
complexity,1,11,1.0,1.0,0.0,0.0,3003,2740,263,0.0,1,False,,1.0,1.0,0.0,0.0,2970,2740,230,0.0,1,False,stop,1.0,1.0,0.0,0.0,2990,2743,247,0.0,1,False,stop,True
complexity,1,12,1.0,1.0,0.0,0.0,3135,2739,396,0.0,1,False,,1.0,1.0,0.0,0.0,3352,2739,613,0.0,1,False,stop,1.0,1.0,0.0,0.0,3012,2740,272,0.0,1,False,stop,True
complexity,1,13,1.0,1.0,0.0,0.0,3193,2742,451,0.0,1,False,,1.0,1.0,0.0,0.0,3275,2742,533,0.0,1,False,stop,1.0,1.0,0.0,0.0,3030,2745,285,0.0,1,False,stop,True
complexity,1,15,0.0,0.0,1.0,1.0,3962,2740,1222,0.0,1,False,,1.0,1.0,0.0,0.0,2989,2740,249,0.0,1,False,stop,1.0,1.0,0.0,0.0,2960,2742,218,0.0,1,False,stop,True
complexity,1,16,1.0,1.0,0.0,0.0,3032,2738,294,0.0,1,False,,1.0,1.0,0.0,0.0,2913,2738,175,0.0,1,False,stop,1.0,1.0,0.0,0.0,2921,2738,183,0.0,1,False,stop,True
complexity,1,17,0.0,0.0,1.0,1.0,4347,2737,1610,0.0,1,False,,0.0,0.0,1.0,1.0,3472,2737,735,0.0,1,False,stop,1.0,1.0,0.0,0.0,3010,2742,268,0.0,1,False,stop,True
complexity,1,19,1.0,1.0,0.0,0.0,3059,2739,320,0.0,1,False,,1.0,1.0,0.0,0.0,2999,2739,260,0.0,1,False,stop,1.0,1.0,0.0,0.0,2978,2739,239,0.0,1,False,stop,True
complexity,1,20,1.0,1.0,0.0,0.0,3054,2743,311,0.0,1,False,,1.0,1.0,0.0,0.0,3012,2743,269,0.0,1,False,stop,1.0,1.0,0.0,0.0,2978,2743,235,0.0,1,False,stop,True
complexity,1,23,1.0,1.0,0.0,0.0,3039,2739,300,0.0,1,False,,1.0,1.0,0.0,0.0,3276,2739,537,0.0,1,False,stop,1.0,1.0,0.0,0.0,3212,2744,468,0.0,1,False,stop,True
complexity,1,27,1.0,1.0,0.0,0.0,3116,2738,378,0.0,1,False,,1.0,1.0,0.0,0.0,3117,2738,379,0.0,1,False,stop,1.0,1.0,0.0,0.0,2976,2743,233,0.0,1,False,stop,True
complexity,1,30,1.0,1.0,0.0,0.0,2923,2743,180,0.0,1,False,,1.0,1.0,0.0,0.0,2918,2743,175,0.0,1,False,stop,1.0,1.0,0.0,0.0,2917,2741,176,0.0,1,False,stop,True
complexity,1,31,1.0,1.0,0.0,0.0,2977,2741,236,0.0,1,False,,1.0,1.0,0.0,0.0,3048,2741,307,0.0,1,False,stop,1.0,1.0,0.0,0.0,3028,2738,290,0.0,1,False,stop,True
complexity,1,32,1.0,1.0,0.0,0.0,2996,2742,254,0.0,1,False,,1.0,1.0,0.0,0.0,3033,2742,291,0.0,1,False,stop,1.0,1.0,0.0,0.0,2914,2741,173,0.0,1,False,stop,True
complexity,1,33,1.0,1.0,0.0,0.0,2962,2744,218,0.0,1,False,,1.0,1.0,0.0,0.0,2948,2744,204,0.0,1,False,stop,1.0,1.0,0.0,0.0,2921,2738,183,0.0,1,False,stop,True
complexity,1,35,1.0,1.0,0.0,0.0,2996,2744,252,0.0,1,False,,1.0,1.0,0.0,0.0,3029,2744,285,0.0,1,False,stop,1.0,1.0,0.0,0.0,3019,2747,272,0.0,1,False,stop,True
complexity,1,37,1.0,1.0,0.0,0.0,3011,2740,271,0.0,1,False,,1.0,1.0,0.0,0.0,3050,2740,310,0.0,1,False,stop,1.0,1.0,0.0,0.0,2916,2741,175,0.0,1,False,stop,True
complexity,1,39,1.0,1.0,0.0,0.0,3116,2740,376,0.0,1,False,,1.0,1.0,0.0,0.0,3411,2740,671,0.0,1,False,stop,1.0,1.0,0.0,0.0,3034,2742,292,0.0,1,False,stop,True
complexity,1,40,1.0,1.0,0.0,0.0,3052,2742,310,0.0,1,False,,1.0,1.0,0.0,0.0,3065,2742,323,0.0,1,False,stop,1.0,1.0,0.0,0.0,3014,2740,274,0.0,1,False,stop,True
complexity,1,41,1.0,1.0,0.0,0.0,2925,2738,187,0.0,1,False,,1.0,1.0,0.0,0.0,2910,2738,172,0.0,1,False,stop,1.0,1.0,0.0,0.0,2860,2741,119,0.0,1,False,stop,True
complexity,1,43,1.0,1.0,0.0,0.0,2985,2744,241,0.0,1,False,,1.0,1.0,0.0,0.0,2986,2744,242,0.0,1,False,stop,1.0,1.0,0.0,0.0,2942,2742,200,0.0,1,False,stop,True
complexity,1,49,1.0,1.0,0.0,0.0,3102,2741,361,0.0,1,False,,1.0,1.0,0.0,0.0,3049,2741,308,0.0,1,False,stop,1.0,1.0,0.0,0.0,3013,2740,273,0.0,1,False,stop,True
complexity,16,751,1.0,1.0,0.0,0.0,3093,2746,347,0.0,1,False,,1.0,1.0,0.0,0.0,3149,2746,403,0.0,1,False,stop,1.0,1.0,0.0,0.0,3327,2746,581,0.0,1,False,stop,True
complexity,16,752,1.0,1.0,0.0,0.0,3087,2739,348,0.0,1,False,,1.0,1.0,0.0,0.0,2958,2739,219,0.0,1,False,stop,1.0,1.0,0.0,0.0,3063,2738,325,0.0,1,False,stop,True
complexity,16,753,1.0,1.0,0.0,0.0,3178,2746,432,0.0,1,False,,1.0,1.0,0.0,0.0,3098,2746,352,0.0,1,False,stop,1.0,1.0,0.0,0.0,3085,2744,341,0.0,1,False,stop,True
complexity,16,754,1.0,1.0,0.0,0.0,3223,2743,480,0.0,1,False,,1.0,1.0,0.0,0.0,3122,2743,379,0.0,1,False,stop,1.0,1.0,0.0,0.0,3307,2743,564,0.0,1,False,stop,True
complexity,16,756,1.0,1.0,0.0,0.0,3016,2745,271,0.0,1,False,,1.0,1.0,0.0,0.0,3070,2745,325,0.0,1,False,stop,1.0,1.0,0.0,0.0,3040,2744,296,0.0,1,False,stop,True
complexity,16,757,1.0,1.0,0.0,0.0,3153,2746,407,0.0,1,False,,1.0,1.0,0.0,0.0,3217,2746,471,0.0,1,False,stop,1.0,1.0,0.0,0.0,4493,2746,1747,0.0,1,False,stop,True
complexity,16,758,1.0,1.0,0.0,0.0,3054,2745,309,0.0,1,False,,1.0,1.0,0.0,0.0,3011,2745,266,0.0,1,False,stop,1.0,1.0,0.0,0.0,3150,2746,404,0.0,1,False,stop,True
complexity,16,761,1.0,1.0,0.0,0.0,4830,2751,2079,0.0,1,False,,1.0,1.0,0.0,0.0,3084,2751,333,0.0,1,False,stop,1.0,1.0,0.0,0.0,3195,2748,447,0.0,1,False,stop,True
complexity,16,763,1.0,1.0,0.0,0.0,4873,2748,2125,0.0,1,False,,1.0,1.0,0.0,0.0,3218,2748,470,0.0,1,False,stop,1.0,1.0,0.0,0.0,3093,2751,342,0.0,1,False,stop,True
complexity,16,765,1.0,1.0,0.0,0.0,3073,2744,329,0.0,1,False,,1.0,1.0,0.0,0.0,3071,2744,327,0.0,1,False,stop,1.0,1.0,0.0,0.0,3136,2746,390,0.0,1,False,stop,True
complexity,16,767,1.0,1.0,0.0,0.0,2983,2738,245,0.0,1,False,,1.0,1.0,0.0,0.0,2974,2738,236,0.0,1,False,stop,1.0,1.0,0.0,0.0,2988,2746,242,0.0,1,False,stop,True
complexity,16,769,1.0,1.0,0.0,0.0,3289,2744,545,0.0,1,False,,1.0,1.0,0.0,0.0,2961,2744,217,0.0,1,False,stop,1.0,1.0,0.0,0.0,3052,2742,310,0.0,1,False,stop,True
complexity,16,771,1.0,1.0,0.0,0.0,2993,2739,254,0.0,1,False,,1.0,1.0,0.0,0.0,2935,2739,196,0.0,1,False,stop,1.0,1.0,0.0,0.0,3001,2742,259,0.0,1,False,stop,True
complexity,16,773,0.0,0.0,1.0,0.0,3800,2751,1049,0.0,1,False,,1.0,1.0,0.0,0.0,3186,2751,435,0.0,1,False,stop,1.0,1.0,0.0,0.0,3159,2749,410,0.0,1,False,stop,True
complexity,16,776,1.0,1.0,0.0,0.0,2945,2742,203,0.0,1,False,,1.0,1.0,0.0,0.0,2955,2742,213,0.0,1,False,stop,1.0,1.0,0.0,0.0,3015,2744,271,0.0,1,False,stop,True
complexity,16,777,1.0,1.0,0.0,0.0,3190,2751,439,0.0,1,False,,1.0,1.0,0.0,0.0,3110,2751,359,0.0,1,False,stop,1.0,1.0,0.0,0.0,3146,2750,396,0.0,1,False,stop,True
complexity,16,778,1.0,1.0,0.0,0.0,3129,2752,377,0.0,1,False,,1.0,1.0,0.0,0.0,3667,2752,915,0.0,1,False,stop,1.0,1.0,0.0,0.0,4627,2744,1883,0.0,1,False,stop,True
complexity,16,780,1.0,1.0,0.0,0.0,3403,2750,653,0.0,1,False,,1.0,1.0,0.0,0.0,5036,2750,2286,0.0,1,False,stop,1.0,1.0,0.0,0.0,3518,2749,769,0.0,1,False,stop,True
complexity,16,781,1.0,1.0,0.0,0.0,4809,2752,2057,0.0,1,False,,1.0,1.0,0.0,0.0,3070,2752,318,0.0,1,False,stop,1.0,1.0,0.0,0.0,3816,2752,1064,0.0,1,False,stop,True
complexity,16,783,1.0,1.0,0.0,0.0,3098,2751,347,0.0,1,False,,1.0,1.0,0.0,0.0,3071,2751,320,0.0,1,False,stop,1.0,1.0,0.0,0.0,3256,2749,507,0.0,1,False,stop,True
complexity,16,787,1.0,1.0,0.0,0.0,2971,2740,231,0.0,1,False,,1.0,1.0,0.0,0.0,2978,2740,238,0.0,1,False,stop,1.0,1.0,0.0,0.0,2994,2746,248,0.0,1,False,stop,True
complexity,16,788,1.0,1.0,0.0,0.0,3323,2743,580,0.0,1,False,,1.0,1.0,0.0,0.0,3240,2743,497,0.0,1,False,stop,1.0,1.0,0.0,0.0,3472,2745,727,0.0,1,False,stop,True
complexity,16,791,0.0,0.0,1.0,1.0,4128,2749,1379,0.0,1,False,,0.0,0.0,1.0,1.0,3127,2749,378,0.0,1,False,stop,1.0,1.0,0.0,0.0,3126,2749,377,0.0,1,False,stop,True
complexity,16,797,1.0,1.0,0.0,0.0,3191,2757,434,0.0,1,False,,1.0,1.0,0.0,0.0,3205,2757,448,0.0,1,False,stop,1.0,1.0,0.0,0.0,3228,2750,478,0.0,1,False,stop,True
complexity,16,798,1.0,1.0,0.0,0.0,4421,2749,1672,0.0,1,False,,1.0,1.0,0.0,0.0,3154,2749,405,0.0,1,False,stop,1.0,1.0,0.0,0.0,3112,2751,361,0.0,1,False,stop,True
complexity,50,2450,1.0,1.0,0.0,0.0,3126,2753,373,0.0,1,False,,1.0,1.0,0.0,0.0,3265,2753,512,0.0,1,False,stop,1.0,1.0,0.0,0.0,3180,2749,431,0.0,1,False,stop,True
complexity,50,2451,1.0,1.0,0.0,0.0,2915,2736,179,0.0,1,False,,1.0,1.0,0.0,0.0,2909,2736,173,0.0,1,False,stop,1.0,1.0,0.0,0.0,2950,2739,211,0.0,1,False,stop,True
complexity,50,2452,1.0,1.0,0.0,0.0,3175,2749,426,0.0,1,False,,1.0,1.0,0.0,0.0,3235,2749,486,0.0,1,False,stop,1.0,1.0,0.0,0.0,3104,2751,353,0.0,1,False,stop,True
complexity,50,2453,1.0,1.0,0.0,0.0,3154,2738,416,0.0,1,False,,1.0,1.0,0.0,0.0,3111,2738,373,0.0,1,False,stop,1.0,1.0,0.0,0.0,2966,2734,232,0.0,1,False,stop,True
complexity,50,2456,1.0,1.0,0.0,0.0,2896,2737,159,0.0,1,False,,1.0,1.0,0.0,0.0,2896,2737,159,0.0,1,False,stop,1.0,1.0,0.0,0.0,3038,2744,294,0.0,1,False,stop,True
complexity,50,2457,1.0,1.0,0.0,0.0,3194,2751,443,0.0,1,False,,1.0,1.0,0.0,0.0,3207,2751,456,0.0,1,False,stop,1.0,1.0,0.0,0.0,3175,2750,425,0.0,1,False,stop,True
complexity,50,2458,1.0,1.0,0.0,0.0,3086,2749,337,0.0,1,False,,1.0,1.0,0.0,0.0,3234,2749,485,0.0,1,False,stop,1.0,1.0,0.0,0.0,3183,2753,430,0.0,1,False,stop,True
complexity,50,2459,1.0,1.0,0.0,0.0,3117,2742,375,0.0,1,False,,1.0,1.0,0.0,0.0,3141,2742,399,0.0,1,False,stop,1.0,1.0,0.0,0.0,3132,2746,386,0.0,1,False,stop,True
complexity,50,2460,1.0,1.0,0.0,0.0,3274,2758,516,0.0,1,False,,1.0,1.0,0.0,0.0,3116,2758,358,0.0,1,False,stop,1.0,1.0,0.0,0.0,3147,2748,399,0.0,1,False,stop,True
complexity,50,2462,1.0,1.0,0.0,0.0,3086,2744,342,0.0,1,False,,1.0,1.0,0.0,0.0,3189,2744,445,0.0,1,False,stop,1.0,1.0,0.0,0.0,3519,2745,774,0.0,1,False,stop,True
complexity,50,2463,1.0,1.0,0.0,0.0,3172,2748,424,0.0,1,False,,1.0,1.0,0.0,0.0,3155,2748,407,0.0,1,False,stop,1.0,1.0,0.0,0.0,3248,2749,499,0.0,1,False,stop,True
complexity,50,2464,1.0,1.0,0.0,0.0,3133,2750,383,0.0,1,False,,1.0,1.0,0.0,0.0,3153,2750,403,0.0,1,False,stop,1.0,1.0,0.0,0.0,3024,2750,274,0.0,1,False,stop,True
complexity,50,2465,1.0,1.0,0.0,0.0,2964,2740,224,0.0,1,False,,1.0,1.0,0.0,0.0,3004,2740,264,0.0,1,False,stop,1.0,1.0,0.0,0.0,3100,2742,358,0.0,1,False,stop,True
complexity,50,2467,1.0,1.0,0.0,0.0,3005,2737,268,0.0,1,False,,1.0,1.0,0.0,0.0,3013,2737,276,0.0,1,False,stop,1.0,1.0,0.0,0.0,2943,2736,207,0.0,1,False,stop,True
complexity,50,2468,1.0,1.0,0.0,0.0,2916,2738,178,0.0,1,False,,1.0,1.0,0.0,0.0,2916,2738,178,0.0,1,False,stop,1.0,1.0,0.0,0.0,2963,2741,222,0.0,1,False,stop,True
complexity,50,2471,1.0,1.0,0.0,0.0,3003,2742,261,0.0,1,False,,1.0,1.0,0.0,0.0,2988,2742,246,0.0,1,False,stop,1.0,1.0,0.0,0.0,2974,2743,231,0.0,1,False,stop,True
complexity,50,2473,1.0,1.0,0.0,0.0,2878,2738,140,0.0,1,False,,1.0,1.0,0.0,0.0,2871,2738,133,0.0,1,False,stop,1.0,1.0,0.0,0.0,2870,2742,128,0.0,1,False,stop,True
complexity,50,2474,1.0,1.0,0.0,0.0,3231,2751,480,0.0,1,False,,1.0,1.0,0.0,0.0,3175,2751,424,0.0,1,False,stop,1.0,1.0,0.0,0.0,3084,2749,335,0.0,1,False,stop,True
complexity,50,2476,1.0,1.0,0.0,0.0,3129,2750,379,0.0,1,False,,1.0,1.0,0.0,0.0,3110,2750,360,0.0,1,False,stop,1.0,1.0,0.0,0.0,3044,2749,295,0.0,1,False,stop,True
complexity,50,2479,0.0,0.4,0.666667,0.5,3707,2740,967,0.0,1,False,,0.0,0.4,0.666667,0.5,3788,2740,1048,0.0,1,False,stop,0.0,0.4,0.666667,0.5,4399,2742,1657,0.0,1,False,stop,True
complexity,50,2485,1.0,1.0,0.0,0.0,4277,2747,1530,0.0,1,False,,1.0,1.0,0.0,0.0,3167,2747,420,0.0,1,False,stop,1.0,1.0,0.0,0.0,3114,2742,372,0.0,1,False,stop,True
complexity,50,2490,1.0,1.0,0.0,0.0,3101,2742,359,0.0,1,False,,1.0,1.0,0.0,0.0,3049,2742,307,0.0,1,False,stop,1.0,1.0,0.0,0.0,3017,2743,274,0.0,1,False,stop,True
complexity,50,2496,1.0,1.0,0.0,0.0,2969,2737,232,0.0,1,False,,1.0,1.0,0.0,0.0,2950,2737,213,0.0,1,False,stop,1.0,1.0,0.0,0.0,2952,2737,215,0.0,1,False,stop,True
complexity,50,2497,1.0,1.0,0.0,0.0,3099,2745,354,0.0,1,False,,1.0,1.0,0.0,0.0,3112,2745,367,0.0,1,False,stop,1.0,1.0,0.0,0.0,3135,2742,393,0.0,1,False,stop,True
complexity,50,2498,1.0,1.0,0.0,0.0,3175,2742,433,0.0,1,False,,1.0,1.0,0.0,0.0,3468,2742,726,0.0,1,False,stop,1.0,1.0,0.0,0.0,3889,2746,1143,0.0,1,False,stop,True
complexity,150,2851,1.0,1.0,0.0,0.0,3105,2751,354,0.0,1,False,,1.0,1.0,0.0,0.0,3113,2751,362,0.0,1,False,stop,1.0,1.0,0.0,0.0,3179,2749,430,0.0,1,False,stop,True
complexity,150,2852,1.0,1.0,0.0,0.0,2870,2735,135,0.0,1,False,,1.0,1.0,0.0,0.0,2859,2735,124,0.0,1,False,stop,1.0,1.0,0.0,0.0,2950,2739,211,0.0,1,False,stop,True
complexity,150,2853,1.0,1.0,0.0,0.0,3108,2750,358,0.0,1,False,,1.0,1.0,0.0,0.0,3088,2750,338,0.0,1,False,stop,1.0,1.0,0.0,0.0,3114,2749,365,0.0,1,False,stop,True
complexity,150,2854,1.0,1.0,0.0,0.0,3020,2738,282,0.0,1,False,,1.0,1.0,0.0,0.0,2990,2738,252,0.0,1,False,stop,1.0,1.0,0.0,0.0,2994,2739,255,0.0,1,False,stop,True
complexity,150,2855,1.0,1.0,0.0,0.0,3084,2747,337,0.0,1,False,,1.0,1.0,0.0,0.0,3187,2747,440,0.0,1,False,stop,1.0,1.0,0.0,0.0,3226,2753,473,0.0,1,False,stop,True
complexity,150,2858,1.0,1.0,0.0,0.0,2994,2742,252,0.0,1,False,,1.0,1.0,0.0,0.0,3044,2742,302,0.0,1,False,stop,1.0,1.0,0.0,0.0,3035,2744,291,0.0,1,False,stop,True
complexity,150,2859,1.0,1.0,0.0,0.0,2955,2746,209,0.0,1,False,,1.0,1.0,0.0,0.0,2956,2746,210,0.0,1,False,stop,1.0,1.0,0.0,0.0,2982,2743,239,0.0,1,False,stop,True
complexity,150,2861,1.0,1.0,0.0,0.0,2963,2741,222,0.0,1,False,,1.0,1.0,0.0,0.0,2942,2741,201,0.0,1,False,stop,1.0,1.0,0.0,0.0,2997,2746,251,0.0,1,False,stop,True
complexity,150,2862,1.0,1.0,0.0,0.0,3111,2753,358,0.0,1,False,,0.0,0.0,1.0,1.0,3285,2753,532,0.0,1,False,stop,0.0,0.0,1.0,1.0,3320,2752,568,0.0,1,False,stop,True
complexity,150,2863,1.0,1.0,0.0,0.0,3121,2743,378,0.0,1,False,,1.0,1.0,0.0,0.0,3088,2743,345,0.0,1,False,stop,1.0,1.0,0.0,0.0,3746,2746,1000,0.0,1,False,stop,True
complexity,150,2865,1.0,1.0,0.0,0.0,2962,2739,223,0.0,1,False,,1.0,1.0,0.0,0.0,2955,2739,216,0.0,1,False,stop,1.0,1.0,0.0,0.0,2949,2744,205,0.0,1,False,stop,True
complexity,150,2871,1.0,1.0,0.0,0.0,3018,2750,268,0.0,1,False,,1.0,1.0,0.0,0.0,3049,2750,299,0.0,1,False,stop,1.0,1.0,0.0,0.0,3132,2749,383,0.0,1,False,stop,True
complexity,150,2873,1.0,1.0,0.0,0.0,3114,2751,363,0.0,1,False,,1.0,1.0,0.0,0.0,4268,2751,1517,0.0,1,False,stop,1.0,1.0,0.0,0.0,3094,2749,345,0.0,1,False,stop,True
complexity,150,2874,1.0,1.0,0.0,0.0,3184,2746,438,0.0,1,False,,1.0,1.0,0.0,0.0,3173,2746,427,0.0,1,False,stop,1.0,1.0,0.0,0.0,3278,2743,535,0.0,1,False,stop,True
complexity,150,2880,1.0,1.0,0.0,0.0,2998,2738,260,0.0,1,False,,1.0,1.0,0.0,0.0,3012,2738,274,0.0,1,False,stop,1.0,1.0,0.0,0.0,3032,2741,291,0.0,1,False,stop,True
complexity,150,2882,1.0,1.0,0.0,0.0,3117,2755,362,0.0,1,False,,1.0,1.0,0.0,0.0,3067,2755,312,0.0,1,False,stop,1.0,1.0,0.0,0.0,3174,2750,424,0.0,1,False,stop,True
complexity,150,2884,1.0,1.0,0.0,0.0,3113,2750,363,0.0,1,False,,1.0,1.0,0.0,0.0,3108,2750,358,0.0,1,False,stop,1.0,1.0,0.0,0.0,3195,2749,446,0.0,1,False,stop,True
complexity,150,2885,1.0,1.0,0.0,0.0,3115,2737,378,0.0,1,False,,1.0,1.0,0.0,0.0,3183,2737,446,0.0,1,False,stop,1.0,1.0,0.0,0.0,2989,2740,249,0.0,1,False,stop,True
complexity,150,2890,1.0,1.0,0.0,0.0,2856,2738,118,0.0,1,False,,1.0,1.0,0.0,0.0,2860,2738,122,0.0,1,False,stop,1.0,1.0,0.0,0.0,3025,2739,286,0.0,1,False,stop,True
complexity,150,2892,1.0,1.0,0.0,0.0,2964,2738,226,0.0,1,False,,1.0,1.0,0.0,0.0,2940,2738,202,0.0,1,False,stop,1.0,1.0,0.0,0.0,3052,2741,311,0.0,1,False,stop,True
complexity,150,2893,1.0,1.0,0.0,0.0,2870,2735,135,0.0,1,False,,1.0,1.0,0.0,0.0,2859,2735,124,0.0,1,False,stop,1.0,1.0,0.0,0.0,2986,2739,247,0.0,1,False,stop,True
complexity,150,2894,1.0,1.0,0.0,0.0,3128,2750,378,0.0,1,False,,1.0,1.0,0.0,0.0,3043,2750,293,0.0,1,False,stop,1.0,1.0,0.0,0.0,3105,2748,357,0.0,1,False,stop,True
complexity,150,2896,1.0,1.0,0.0,0.0,3370,2754,616,0.0,1,False,,1.0,1.0,0.0,0.0,3076,2754,322,0.0,1,False,stop,1.0,1.0,0.0,0.0,3056,2751,305,0.0,1,False,stop,True
complexity,150,2897,1.0,1.0,0.0,0.0,2984,2738,246,0.0,1,False,,1.0,1.0,0.0,0.0,2984,2738,246,0.0,1,False,stop,1.0,1.0,0.0,0.0,2873,2743,130,0.0,1,False,stop,True
complexity,150,2899,1.0,1.0,0.0,0.0,3089,2750,339,0.0,1,False,,1.0,1.0,0.0,0.0,3062,2750,312,0.0,1,False,stop,1.0,1.0,0.0,0.0,3148,2750,398,0.0,1,False,stop,True
completeness,1,2,1.0,1.0,0.0,0.0,3027,2736,291,0.0,1,False,,1.0,1.0,0.0,0.0,2967,2736,231,0.0,1,False,stop,0.0,0.75,0.0,0.4,3516,2756,760,0.0,1,False,stop,True
completeness,1,5,1.0,1.0,0.0,0.0,2940,2733,207,0.0,1,False,,1.0,1.0,0.0,0.0,2946,2733,213,0.0,1,False,stop,1.0,1.0,0.0,0.0,3057,2738,319,0.0,1,False,stop,True
completeness,1,6,1.0,1.0,0.0,0.0,2920,2737,183,0.0,1,False,,1.0,1.0,0.0,0.0,2889,2737,152,0.0,1,False,stop,1.0,1.0,0.0,0.0,3107,2762,345,0.0,1,False,stop,True
completeness,1,7,1.0,1.0,0.0,0.0,2912,2737,175,0.0,1,False,,1.0,1.0,0.0,0.0,2953,2737,216,0.0,1,False,stop,1.0,1.0,0.0,0.0,3321,2755,566,0.0,1,False,stop,True
completeness,1,9,1.0,1.0,0.0,0.0,2946,2740,206,0.0,1,False,,1.0,1.0,0.0,0.0,3057,2740,317,0.0,1,False,stop,1.0,1.0,0.0,0.0,2974,2742,232,0.0,1,False,stop,True
completeness,1,11,1.0,1.0,0.0,0.0,2938,2734,204,0.0,1,False,,1.0,1.0,0.0,0.0,2907,2734,173,0.0,1,False,stop,1.0,1.0,0.0,0.0,3447,2753,694,0.0,1,False,stop,True
completeness,1,14,1.0,1.0,0.0,0.0,3037,2738,299,0.0,1,False,,1.0,1.0,0.0,0.0,3075,2738,337,0.0,1,False,stop,1.0,1.0,0.0,0.0,3039,2756,283,0.0,1,False,stop,True
completeness,1,15,1.0,1.0,0.0,0.0,3107,2739,368,0.0,1,False,,1.0,1.0,0.0,0.0,3019,2739,280,0.0,1,False,stop,1.0,1.0,0.0,0.0,2972,2745,227,0.0,1,False,stop,True
completeness,1,20,1.0,1.0,0.0,0.0,2928,2733,195,0.0,1,False,,1.0,1.0,0.0,0.0,3010,2733,277,0.0,1,False,stop,1.0,1.0,0.0,0.0,3181,2756,425,0.0,1,False,stop,True
completeness,1,21,1.0,1.0,0.0,0.0,3104,2732,372,0.0,1,False,,1.0,1.0,0.0,0.0,3060,2732,328,0.0,1,False,stop,1.0,1.0,0.0,0.0,3271,2740,531,0.0,1,False,stop,True
completeness,1,23,1.0,1.0,0.0,0.0,2969,2737,232,0.0,1,False,,1.0,1.0,0.0,0.0,2974,2737,237,0.0,1,False,stop,0.0,0.5,0.0,0.0,3445,2765,680,0.0,1,False,stop,True
completeness,1,27,1.0,1.0,0.0,0.0,3024,2751,273,0.0,1,False,,1.0,1.0,0.0,0.0,3039,2751,288,0.0,1,False,stop,1.0,1.0,0.0,0.0,2903,2737,166,0.0,1,False,stop,True
completeness,1,28,1.0,1.0,0.0,0.0,3017,2739,278,0.0,1,False,,1.0,1.0,0.0,0.0,2949,2739,210,0.0,1,False,stop,1.0,1.0,0.0,0.0,2982,2740,242,0.0,1,False,stop,True
completeness,1,30,1.0,1.0,0.0,0.0,2971,2737,234,0.0,1,False,,1.0,1.0,0.0,0.0,2971,2737,234,0.0,1,False,stop,1.0,1.0,0.0,0.0,3026,2740,286,0.0,1,False,stop,True
completeness,1,31,1.0,1.0,0.0,0.0,3056,2754,302,0.0,1,False,,1.0,1.0,0.0,0.0,3091,2754,337,0.0,1,False,stop,1.0,1.0,0.0,0.0,3025,2749,276,0.0,1,False,stop,True
completeness,1,33,1.0,1.0,0.0,0.0,3181,2760,421,0.0,1,False,,1.0,1.0,0.0,0.0,3192,2760,432,0.0,1,False,stop,0.0,0.0,1.0,0.0,6848,2752,4096,1.0,1,False,length,True
completeness,1,35,1.0,1.0,0.0,0.0,2944,2737,207,0.0,1,False,,1.0,1.0,0.0,0.0,3013,2737,276,0.0,1,False,stop,1.0,1.0,0.0,0.0,2949,2742,207,0.0,1,False,stop,True
completeness,1,37,1.0,1.0,0.0,0.0,3266,2737,529,0.0,1,False,,1.0,1.0,0.0,0.0,3512,2737,775,0.0,1,False,stop,1.0,1.0,0.0,0.0,2949,2741,208,0.0,1,False,stop,True
completeness,1,38,1.0,1.0,0.0,0.0,2982,2741,241,0.0,1,False,,1.0,1.0,0.0,0.0,2984,2741,243,0.0,1,False,stop,1.0,1.0,0.0,0.0,3051,2746,305,0.0,1,False,stop,True
completeness,1,41,1.0,1.0,0.0,0.0,2961,2738,223,0.0,1,False,,1.0,1.0,0.0,0.0,2956,2738,218,0.0,1,False,stop,0.0,0.5,0.0,0.0,3338,2756,582,0.0,1,False,stop,True
completeness,1,42,1.0,1.0,0.0,0.0,3207,2744,463,0.0,1,False,,1.0,1.0,0.0,0.0,3050,2744,306,0.0,1,False,stop,1.0,1.0,0.0,0.0,3036,2745,291,0.0,1,False,stop,True
completeness,1,44,1.0,1.0,0.0,0.0,3035,2744,291,0.0,1,False,,1.0,1.0,0.0,0.0,3003,2744,259,0.0,1,False,stop,1.0,1.0,0.0,0.0,3114,2760,354,0.0,1,False,stop,True
completeness,1,45,1.0,1.0,0.0,0.0,2935,2733,202,0.0,1,False,,1.0,1.0,0.0,0.0,2921,2733,188,0.0,1,False,stop,1.0,1.0,0.0,0.0,3094,2740,354,0.0,1,False,stop,True
completeness,1,48,1.0,1.0,0.0,0.0,2948,2737,211,0.0,1,False,,1.0,1.0,0.0,0.0,2939,2737,202,0.0,1,False,stop,0.0,0.5,0.0,0.0,3409,2757,652,0.0,1,False,stop,True
completeness,1,49,1.0,1.0,0.0,0.0,2921,2733,188,0.0,1,False,,1.0,1.0,0.0,0.0,2932,2733,199,0.0,1,False,stop,1.0,1.0,0.0,0.0,3132,2754,378,0.0,1,False,stop,True
completeness,5,201,0.0,0.8,0.333333,0.0,4200,2808,1392,0.0,1,False,,0.0,0.8,0.333333,0.0,4263,2808,1455,0.0,1,False,stop,1.0,1.0,0.0,0.0,3962,2815,1147,0.0,1,False,stop,True
completeness,5,204,0.0,0.833333,0.0,0.0,3650,2813,837,0.0,1,False,,0.0,0.833333,0.0,0.0,3555,2813,742,0.0,1,False,stop,0.0,0.833333,0.0,0.0,3523,2822,701,0.0,1,False,stop,True
completeness,5,205,1.0,1.0,0.0,0.0,3490,2811,679,0.0,1,False,,1.0,1.0,0.0,0.0,3508,2811,697,0.0,1,False,stop,0.0,0.863636,0.0,0.0,3836,2817,1019,0.0,1,False,stop,True
completeness,5,206,0.0,0.777778,0.222222,0.222222,3955,2820,1135,0.0,1,False,,0.0,0.777778,0.222222,0.222222,3980,2820,1160,0.0,1,False,stop,1.0,1.0,0.0,0.0,3602,2832,770,0.0,1,False,stop,True
completeness,5,209,1.0,1.0,0.0,0.0,3830,2804,1026,0.0,1,False,,1.0,1.0,0.0,0.0,3917,2804,1113,0.0,1,False,stop,1.0,1.0,0.0,0.0,3561,2817,744,0.0,1,False,stop,True
completeness,5,211,1.0,1.0,0.0,0.0,3491,2827,664,0.0,1,False,,1.0,1.0,0.0,0.0,3589,2827,762,0.0,1,False,stop,0.0,0.809524,0.090909,0.0,3798,2829,969,0.0,1,False,stop,True
completeness,5,212,0.0,0.625,0.375,0.375,3891,2796,1095,0.0,1,False,,0.0,0.666667,0.375,0.285714,3924,2796,1128,0.0,1,False,stop,0.0,0.533333,0.5,0.428571,4035,2814,1221,0.0,1,False,stop,True
completeness,5,217,0.0,0.818182,0.181818,0.181818,3523,2818,705,0.0,1,False,,0.0,0.761905,0.272727,0.2,4227,2818,1409,0.0,1,False,stop,0.0,0.5,0.545455,0.444444,4016,2828,1188,0.0,1,False,stop,True
completeness,5,221,0.0,0.714286,0.285714,0.285714,4533,2815,1718,0.0,1,False,,0.0,0.714286,0.285714,0.285714,4028,2815,1213,0.0,1,False,stop,0.0,0.6,0.142857,0.25,4021,2825,1196,0.0,1,False,stop,True
completeness,5,222,1.0,1.0,0.0,0.0,3717,2810,907,0.0,1,False,,1.0,1.0,0.0,0.0,3462,2810,652,0.0,1,False,stop,1.0,1.0,0.0,0.0,3516,2830,686,0.0,1,False,stop,True
completeness,5,226,0.0,0.875,0.125,0.125,3775,2822,953,0.0,1,False,,1.0,1.0,0.0,0.0,3668,2822,846,0.0,1,False,stop,0.0,0.0,1.0,0.0,6931,2835,4096,1.0,1,False,length,True
completeness,5,227,0.0,0.947368,0.1,0.0,5865,2818,3047,0.0,1,False,,0.0,0.888889,0.2,0.0,4741,2818,1923,0.0,1,False,stop,0.0,0.888889,0.2,0.0,4403,2839,1564,0.0,1,False,stop,True
completeness,5,228,0.0,0.880952,0.0,0.090909,3581,2829,752,0.0,1,False,,0.0,0.880952,0.0,0.090909,3703,2829,874,0.0,1,False,stop,0.0,0.947368,0.1,0.0,3576,2830,746,0.0,1,False,stop,True
completeness,5,232,0.0,0.888889,0.2,0.0,4312,2809,1503,0.0,1,False,,1.0,1.0,0.0,0.0,3933,2809,1124,0.0,1,False,stop,1.0,1.0,0.0,0.0,3580,2818,762,0.0,1,False,stop,True
completeness,5,233,1.0,1.0,0.0,0.0,3796,2793,1003,0.0,1,False,,1.0,1.0,0.0,0.0,3764,2793,971,0.0,1,False,stop,0.0,0.0,1.0,0.0,6905,2809,4096,1.0,1,False,length,True
completeness,5,234,1.0,1.0,0.0,0.0,4324,2793,1531,0.0,1,False,,0.0,0.880952,0.0,0.090909,4585,2793,1792,0.0,1,False,stop,0.0,0.880952,0.0,0.090909,3932,2818,1114,0.0,1,False,stop,True
completeness,5,235,0.0,0.947368,0.1,0.0,5234,2821,2413,0.0,1,False,,0.0,0.947368,0.1,0.0,4450,2821,1629,0.0,1,False,stop,0.0,0.0,1.0,0.0,4270,2826,1444,0.0,1,False,stop,False
completeness,5,236,1.0,1.0,0.0,0.0,4383,2801,1582,0.0,1,False,,1.0,1.0,0.0,0.0,4136,2801,1335,0.0,1,False,stop,0.0,0.681818,0.181818,0.181818,3717,2824,893,0.0,1,False,stop,True
completeness,5,237,1.0,1.0,0.0,0.0,3607,2806,801,0.0,1,False,,1.0,1.0,0.0,0.0,3963,2806,1157,0.0,1,False,stop,0.0,0.875,0.0,0.0,3827,2809,1018,0.0,1,False,stop,True
completeness,5,238,1.0,1.0,0.0,0.0,3733,2805,928,0.0,1,False,,1.0,1.0,0.0,0.0,3523,2805,718,0.0,1,False,stop,1.0,1.0,0.0,0.0,3451,2816,635,0.0,1,False,stop,True
completeness,5,242,0.0,0.857143,0.25,0.0,3921,2793,1128,0.0,1,False,,0.0,0.857143,0.25,0.0,3642,2793,849,0.0,1,False,stop,0.0,0.615385,0.5,0.2,3955,2794,1161,0.0,1,False,stop,False
completeness,5,243,1.0,1.0,0.0,0.0,3875,2804,1071,0.0,1,False,,1.0,1.0,0.0,0.0,3635,2804,831,0.0,1,False,stop,0.0,0.809524,0.090909,0.0,6489,2816,3673,0.0,1,False,stop,True
completeness,5,246,0.0,0.888889,0.2,0.0,4247,2808,1439,0.0,1,False,,0.0,0.888889,0.2,0.0,3711,2808,903,0.0,1,False,stop,0.0,0.65,0.2,0.2,3848,2820,1028,0.0,1,False,stop,True
completeness,5,248,1.0,1.0,0.0,0.0,3777,2803,974,0.0,1,False,,1.0,1.0,0.0,0.0,3890,2803,1087,0.0,1,False,stop,0.0,0.75,0.25,0.25,4117,2820,1297,0.0,1,False,stop,True
completeness,5,249,1.0,1.0,0.0,0.0,3623,2818,805,0.0,1,False,,1.0,1.0,0.0,0.0,3784,2818,966,0.0,1,False,stop,1.0,1.0,0.0,0.0,3695,2821,874,0.0,1,False,stop,True
completeness,10,450,1.0,1.0,0.0,0.0,4562,2902,1660,0.0,1,False,,1.0,1.0,0.0,0.0,4894,2902,1992,0.0,1,False,stop,0.0,0.833333,0.105263,0.15,4387,2926,1461,0.0,1,False,stop,True
completeness,10,452,1.0,1.0,0.0,0.0,4428,2894,1534,0.0,1,False,,0.0,0.861111,0.0,0.105263,4466,2894,1572,0.0,1,False,stop,0.0,0.588235,0.411765,0.411765,4506,2939,1567,0.0,1,False,stop,True
completeness,10,453,1.0,1.0,0.0,0.0,4859,2909,1950,0.0,1,False,,0.0,0.9375,0.0625,0.0625,4461,2909,1552,0.0,1,False,stop,0.0,0.83871,0.1875,0.133333,4509,2929,1580,0.0,1,False,stop,True
completeness,10,457,0.0,0.0,1.0,0.0,7006,2910,4096,1.0,1,False,,0.0,0.0,1.0,0.0,7006,2910,4096,1.0,1,False,length,0.0,0.774194,0.368421,0.0,4420,2886,1534,0.0,1,False,stop,True
completeness,10,459,0.0,0.941176,0.058824,0.058824,5648,2924,2724,0.0,1,False,,1.0,1.0,0.0,0.0,5761,2924,2837,0.0,1,False,stop,0.0,0.0,1.0,0.0,7003,2907,4096,1.0,1,False,length,True
completeness,10,465,1.0,1.0,0.0,0.0,3940,2905,1035,0.0,1,False,,1.0,1.0,0.0,0.0,3827,2905,922,0.0,1,False,stop,0.0,0.857143,0.25,0.0,4499,2875,1624,0.0,1,False,stop,False
completeness,10,466,1.0,1.0,0.0,0.0,4827,2886,1941,0.0,1,False,,1.0,1.0,0.0,0.0,4306,2886,1420,0.0,1,False,stop,0.0,0.0,1.0,0.0,7001,2905,4096,1.0,1,False,length,False
completeness,10,467,0.0,0.933333,0.125,0.0,4099,2882,1217,0.0,1,False,,0.0,0.933333,0.125,0.0,3966,2882,1084,0.0,1,False,stop,1.0,1.0,0.0,0.0,4889,2863,2026,0.0,1,False,stop,False
completeness,10,468,0.0,0.861111,0.105263,0.0,4444,2871,1573,0.0,1,False,,0.0,0.861111,0.105263,0.0,4530,2871,1659,0.0,1,False,stop,0.0,0.972973,0.052632,0.0,4141,2856,1285,0.0,1,False,stop,False
completeness,10,469,1.0,1.0,0.0,0.0,4643,2840,1803,0.0,1,False,,1.0,1.0,0.0,0.0,4381,2840,1541,0.0,1,False,stop,0.0,0.75,0.25,0.0,4413,2843,1570,0.0,1,False,stop,False
completeness,10,470,0.0,0.903226,0.176471,0.0,5397,2876,2521,0.0,1,False,,0.0,0.903226,0.176471,0.0,4604,2876,1728,0.0,1,False,stop,0.0,0.969697,0.058824,0.0,4375,2882,1493,0.0,1,False,stop,False
completeness,10,472,0.0,0.882353,0.117647,0.117647,4411,2890,1521,0.0,1,False,,0.0,0.727273,0.294118,0.25,4687,2890,1797,0.0,1,False,stop,0.0,0.685714,0.294118,0.333333,5294,2897,2397,0.0,1,False,stop,False
completeness,10,473,0.0,0.903226,0.176471,0.0,4236,2866,1370,0.0,1,False,,0.0,0.774194,0.294118,0.142857,4113,2866,1247,0.0,1,False,stop,0.0,0.969697,0.058824,0.0,4180,2905,1275,0.0,1,False,stop,True
completeness,10,474,1.0,1.0,0.0,0.0,4307,2899,1408,0.0,1,False,,1.0,1.0,0.0,0.0,4339,2899,1440,0.0,1,False,stop,0.0,0.851852,0.071429,0.0,4520,2929,1591,0.0,1,False,stop,False
completeness,10,475,0.0,0.933333,0.125,0.0,4565,2915,1650,0.0,1,False,,1.0,1.0,0.0,0.0,4641,2915,1726,0.0,1,False,stop,0.0,0.866667,0.1875,0.071429,4220,2898,1322,0.0,1,False,stop,False
completeness,10,476,0.0,0.875,0.125,0.125,4949,2904,2045,0.0,1,False,,0.0,0.875,0.125,0.125,4290,2904,1386,0.0,1,False,stop,0.0,0.772727,0.0625,0.117647,4961,2890,2071,0.0,1,False,stop,True
completeness,10,478,1.0,1.0,0.0,0.0,3868,2883,985,0.0,1,False,,1.0,1.0,0.0,0.0,3860,2883,977,0.0,1,False,stop,0.0,0.907407,0.0,0.071429,4336,2903,1433,0.0,1,False,stop,True
completeness,10,479,1.0,1.0,0.0,0.0,4039,2881,1158,0.0,1,False,,1.0,1.0,0.0,0.0,3886,2881,1005,0.0,1,False,stop,0.0,0.0,1.0,0.0,6968,2872,4096,1.0,1,False,length,True
completeness,10,480,0.0,0.924242,0.0,0.058824,4481,2867,1614,0.0,1,False,,1.0,1.0,0.0,0.0,4476,2867,1609,0.0,1,False,stop,0.0,0.967742,0.0625,0.0,4350,2864,1486,0.0,1,False,stop,True
completeness,10,482,1.0,1.0,0.0,0.0,4338,2899,1439,0.0,1,False,,1.0,1.0,0.0,0.0,4791,2899,1892,0.0,1,False,stop,0.0,0.763158,0.157895,0.157895,4149,2921,1228,0.0,1,False,stop,True
completeness,10,486,1.0,1.0,0.0,0.0,4232,2909,1323,0.0,1,False,,1.0,1.0,0.0,0.0,4325,2909,1416,0.0,1,False,stop,0.0,0.935897,0.05,0.0,4280,2908,1372,0.0,1,False,stop,True
completeness,10,488,1.0,1.0,0.0,0.0,5330,2864,2466,0.0,1,False,,1.0,1.0,0.0,0.0,4139,2864,1275,0.0,1,False,stop,0.0,0.967742,0.0625,0.0,3771,2866,905,0.0,1,False,stop,False
completeness,10,491,1.0,1.0,0.0,0.0,4651,2896,1755,0.0,1,False,,1.0,1.0,0.0,0.0,5048,2896,2152,0.0,1,False,stop,0.0,0.802632,0.111111,0.2,4930,2898,2032,0.0,1,False,stop,True
completeness,10,493,1.0,1.0,0.0,0.0,5072,2912,2160,0.0,1,False,,0.0,0.864865,0.157895,0.111111,4653,2912,1741,0.0,1,False,stop,0.0,0.842105,0.157895,0.157895,5180,2912,2268,0.0,1,False,stop,True
completeness,10,497,1.0,1.0,0.0,0.0,5534,2911,2623,0.0,1,False,,1.0,1.0,0.0,0.0,5904,2911,2993,0.0,1,False,stop,0.0,0.918919,0.15,0.0,4816,2928,1888,0.0,1,False,stop,True
completeness,15,700,0.0,0.923077,0.04,0.111111,5068,2966,2102,0.0,1,False,,0.0,0.923077,0.04,0.111111,5051,2966,2085,0.0,1,False,stop,0.0,0.760417,0.24,0.173913,4633,2905,1728,0.0,1,False,stop,False
completeness,15,701,0.0,0.0,1.0,0.0,7086,2990,4096,1.0,1,False,,1.0,1.0,0.0,0.0,5732,2990,2742,0.0,1,False,stop,0.0,0.734694,0.307692,0.217391,6348,2990,3358,0.0,1,False,stop,False
completeness,15,704,0.0,0.958333,0.041667,0.041667,7100,3043,4057,0.0,1,False,,0.0,0.958333,0.041667,0.041667,5124,3043,2081,0.0,1,False,stop,0.0,0.863636,0.208333,0.05,4921,2956,1965,0.0,1,False,stop,True
completeness,15,705,0.0,0.9,0.1,0.1,5201,2947,2254,0.0,1,False,,0.0,0.9,0.1,0.1,4907,2947,1960,0.0,1,False,stop,0.0,0.789474,0.1,0.0,6194,2894,3300,0.0,1,False,stop,True
completeness,15,707,1.0,1.0,0.0,0.0,5565,2967,2598,0.0,1,False,,0.0,0.0,1.0,0.0,7063,2967,4096,1.0,1,False,length,0.0,0.829787,0.125,0.086957,5249,2947,2302,0.0,1,False,stop,False
completeness,15,708,1.0,1.0,0.0,0.0,4817,2985,1832,0.0,1,False,,1.0,1.0,0.0,0.0,4430,2985,1445,0.0,1,False,stop,0.0,0.932692,0.0,0.074074,6513,2987,3526,0.0,1,False,stop,True
completeness,15,711,1.0,1.0,0.0,0.0,4755,2982,1773,0.0,1,False,,1.0,1.0,0.0,0.0,4609,2982,1627,0.0,1,False,stop,0.0,0.92,0.041667,0.115385,4872,3006,1866,0.0,1,False,stop,True
completeness,15,714,0.0,0.941176,0.04,0.076923,5297,2940,2357,0.0,1,False,,1.0,1.0,0.0,0.0,4133,2940,1193,0.0,1,False,stop,0.0,0.561224,0.36,0.333333,4767,2950,1817,0.0,1,False,stop,False
completeness,15,717,0.0,0.976744,0.045455,0.0,4052,2946,1106,0.0,1,False,,0.0,0.976744,0.045455,0.0,4271,2946,1325,0.0,1,False,stop,0.0,0.0,1.0,0.0,7041,2945,4096,1.0,1,False,length,False
completeness,15,718,0.0,0.958333,0.08,0.0,4482,2913,1569,0.0,1,False,,0.0,0.958333,0.08,0.0,4360,2913,1447,0.0,1,False,stop,0.0,0.897959,0.12,0.083333,4715,2948,1767,0.0,1,False,stop,False
completeness,15,719,1.0,1.0,0.0,0.0,4641,2984,1657,0.0,1,False,,1.0,1.0,0.0,0.0,4607,2984,1623,0.0,1,False,stop,0.0,0.709302,0.304348,0.2,4803,2949,1854,0.0,1,False,stop,False
completeness,15,724,1.0,1.0,0.0,0.0,5003,2963,2040,0.0,1,False,,1.0,1.0,0.0,0.0,5164,2963,2201,0.0,1,False,stop,0.0,0.714286,0.285714,0.285714,5163,3008,2155,0.0,1,False,stop,True
completeness,15,725,1.0,1.0,0.0,0.0,4700,2988,1712,0.0,1,False,,1.0,1.0,0.0,0.0,4718,2988,1730,0.0,1,False,stop,0.0,0.855263,0.15,0.055556,4445,2920,1525,0.0,1,False,stop,True
completeness,15,727,1.0,1.0,0.0,0.0,6776,2998,3778,0.0,1,False,,1.0,1.0,0.0,0.0,5457,2998,2459,0.0,1,False,stop,0.0,0.8,0.272727,0.111111,4513,2995,1518,0.0,1,False,stop,True
completeness,15,728,0.0,0.923077,0.1,0.052632,4770,3021,1749,0.0,1,False,,0.0,0.923077,0.1,0.052632,5150,3021,2129,0.0,1,False,stop,0.0,0.974359,0.05,0.0,6942,2987,3955,0.0,1,False,stop,True
completeness,15,732,1.0,1.0,0.0,0.0,4778,3013,1765,0.0,1,False,,0.0,0.913043,0.086957,0.086957,5194,3013,2181,0.0,1,False,stop,0.0,0.0,1.0,0.0,7076,2980,4096,1.0,1,False,length,True
completeness,15,735,1.0,1.0,0.0,0.0,5199,2979,2220,0.0,1,False,,1.0,1.0,0.0,0.0,4365,2979,1386,0.0,1,False,stop,0.0,0.934783,0.0,0.0,5761,2985,2776,0.0,1,False,stop,False
completeness,15,736,0.0,0.92,0.08,0.08,5031,2963,2068,0.0,1,False,,0.0,0.92,0.08,0.08,5025,2963,2062,0.0,1,False,stop,0.0,0.73913,0.32,0.190476,4599,2984,1615,0.0,1,False,stop,True
completeness,15,739,0.0,0.0,1.0,0.0,7083,2987,4096,1.0,1,False,,0.0,0.0,1.0,0.0,7083,2987,4096,1.0,1,False,length,0.0,0.0,1.0,0.0,7109,3013,4096,1.0,1,False,length,True
completeness,15,740,0.0,0.833333,0.166667,0.166667,4767,2883,1884,0.0,1,False,,0.0,0.833333,0.166667,0.166667,4970,2883,2087,0.0,1,False,stop,0.0,0.744186,0.333333,0.157895,6194,2943,3251,0.0,1,False,stop,False
completeness,15,741,0.0,0.0,1.0,0.0,7035,2939,4096,1.0,1,False,,0.0,0.0,1.0,0.0,3789,2939,850,0.0,1,False,stop,0.0,0.0,1.0,0.0,7040,2944,4096,1.0,1,False,length,True
completeness,15,743,1.0,1.0,0.0,0.0,4889,2913,1976,0.0,1,False,,1.0,1.0,0.0,0.0,4525,2913,1612,0.0,1,False,stop,0.0,0.904255,0.043478,0.083333,5858,2983,2875,0.0,1,False,stop,True
completeness,15,745,0.0,0.904762,0.095238,0.095238,5417,2965,2452,0.0,1,False,,0.0,0.904762,0.095238,0.095238,4798,2965,1833,0.0,1,False,stop,0.0,0.636364,0.190476,0.26087,4850,2948,1902,0.0,1,False,stop,False
completeness,15,746,0.0,0.923684,0.035714,0.068966,4675,2897,1778,0.0,1,False,,0.0,0.923684,0.035714,0.068966,4647,2897,1750,0.0,1,False,stop,0.0,0.872727,0.142857,0.111111,5159,2925,2234,0.0,1,False,stop,False
completeness,15,748,1.0,1.0,0.0,0.0,5607,2938,2669,0.0,1,False,,0.0,0.0,1.0,0.0,7034,2938,4096,1.0,1,False,length,0.0,0.863636,0.071429,0.037037,4582,2909,1673,0.0,1,False,stop,True
