axis,level,sample_idx,prompt_A,prompt_B,prompt_C,attempts_A,attempts_B,status,B_minus_A
complexity,1,1,2738,2738,2741,1,1,match,0
complexity,1,5,2737,2737,2743,1,1,match,0
complexity,1,6,2740,2740,2738,1,1,match,0
complexity,1,8,2746,2746,2748,1,1,match,0
complexity,1,11,2740,2740,2743,1,1,match,0
complexity,1,12,2739,2739,2740,1,1,match,0
complexity,1,13,2742,2742,2745,1,1,match,0
complexity,1,15,2740,2740,2742,1,1,match,0
complexity,1,16,2738,2738,2738,1,1,match,0
complexity,1,17,2737,2737,2742,1,1,match,0
complexity,1,19,2739,2739,2739,1,1,match,0
complexity,1,20,2743,2743,2743,1,1,match,0
complexity,1,23,2739,2739,2744,1,1,match,0
complexity,1,27,2738,2738,2743,1,1,match,0
complexity,1,30,2743,2743,2741,1,1,match,0
complexity,1,31,2741,2741,2738,1,1,match,0
complexity,1,32,2742,2742,2741,1,1,match,0
complexity,1,33,2744,2744,2738,1,1,match,0
complexity,1,35,2744,2744,2747,1,1,match,0
complexity,1,37,2740,2740,2741,1,1,match,0
complexity,1,39,2740,2740,2742,1,1,match,0
complexity,1,40,2742,2742,2740,1,1,match,0
complexity,1,41,2738,2738,2741,1,1,match,0
complexity,1,43,2744,2744,2742,1,1,match,0
complexity,1,49,2741,2741,2740,1,1,match,0
complexity,16,751,2746,2746,2746,1,1,match,0
complexity,16,752,2739,2739,2738,1,1,match,0
complexity,16,753,2746,2746,2744,1,1,match,0
complexity,16,754,2743,2743,2743,1,1,match,0
complexity,16,756,2745,2745,2744,1,1,match,0
complexity,16,757,2746,2746,2746,1,1,match,0
complexity,16,758,2745,2745,2746,1,1,match,0
complexity,16,761,2751,2751,2748,1,1,match,0
complexity,16,763,2748,2748,2751,1,1,match,0
complexity,16,765,2744,2744,2746,1,1,match,0
complexity,16,767,2738,2738,2746,1,1,match,0
complexity,16,769,2744,2744,2742,1,1,match,0
complexity,16,771,2739,2739,2742,1,1,match,0
complexity,16,773,2751,2751,2749,1,1,match,0
complexity,16,776,2742,2742,2744,1,1,match,0
complexity,16,777,2751,2751,2750,1,1,match,0
complexity,16,778,2752,2752,2744,1,1,match,0
complexity,16,780,2750,2750,2749,1,1,match,0
complexity,16,781,2752,2752,2752,1,1,match,0
complexity,16,783,2751,2751,2749,1,1,match,0
complexity,16,787,2740,2740,2746,1,1,match,0
complexity,16,788,2743,2743,2745,1,1,match,0
complexity,16,791,2749,2749,2749,1,1,match,0
complexity,16,797,2757,2757,2750,1,1,match,0
complexity,16,798,2749,2749,2751,1,1,match,0
complexity,50,2450,2753,2753,2749,1,1,match,0
complexity,50,2451,2736,2736,2739,1,1,match,0
complexity,50,2452,2749,2749,2751,1,1,match,0
complexity,50,2453,2738,2738,2734,1,1,match,0
complexity,50,2456,2737,2737,2744,1,1,match,0
complexity,50,2457,2751,2751,2750,1,1,match,0
complexity,50,2458,2749,2749,2753,1,1,match,0
complexity,50,2459,2742,2742,2746,1,1,match,0
complexity,50,2460,2758,2758,2748,1,1,match,0
complexity,50,2462,2744,2744,2745,1,1,match,0
complexity,50,2463,2748,2748,2749,1,1,match,0
complexity,50,2464,2750,2750,2750,1,1,match,0
complexity,50,2465,2740,2740,2742,1,1,match,0
complexity,50,2467,2737,2737,2736,1,1,match,0
complexity,50,2468,2738,2738,2741,1,1,match,0
complexity,50,2471,2742,2742,2743,1,1,match,0
complexity,50,2473,2738,2738,2742,1,1,match,0
complexity,50,2474,2751,2751,2749,1,1,match,0
complexity,50,2476,2750,2750,2749,1,1,match,0
complexity,50,2479,2740,2740,2742,1,1,match,0
complexity,50,2485,2747,2747,2742,1,1,match,0
complexity,50,2490,2742,2742,2743,1,1,match,0
complexity,50,2496,2737,2737,2737,1,1,match,0
complexity,50,2497,2745,2745,2742,1,1,match,0
complexity,50,2498,2742,2742,2746,1,1,match,0
complexity,150,2851,2751,2751,2749,1,1,match,0
complexity,150,2852,2735,2735,2739,1,1,match,0
complexity,150,2853,2750,2750,2749,1,1,match,0
complexity,150,2854,2738,2738,2739,1,1,match,0
complexity,150,2855,2747,2747,2753,1,1,match,0
complexity,150,2858,2742,2742,2744,1,1,match,0
complexity,150,2859,2746,2746,2743,1,1,match,0
complexity,150,2861,2741,2741,2746,1,1,match,0
complexity,150,2862,2753,2753,2752,1,1,match,0
complexity,150,2863,2743,2743,2746,1,1,match,0
complexity,150,2865,2739,2739,2744,1,1,match,0
complexity,150,2871,2750,2750,2749,1,1,match,0
complexity,150,2873,2751,2751,2749,1,1,match,0
complexity,150,2874,2746,2746,2743,1,1,match,0
complexity,150,2880,2738,2738,2741,1,1,match,0
complexity,150,2882,2755,2755,2750,1,1,match,0
complexity,150,2884,2750,2750,2749,1,1,match,0
complexity,150,2885,2737,2737,2740,1,1,match,0
complexity,150,2890,2738,2738,2739,1,1,match,0
complexity,150,2892,2738,2738,2741,1,1,match,0
complexity,150,2893,2735,2735,2739,1,1,match,0
complexity,150,2894,2750,2750,2748,1,1,match,0
complexity,150,2896,2754,2754,2751,1,1,match,0
complexity,150,2897,2738,2738,2743,1,1,match,0
complexity,150,2899,2750,2750,2750,1,1,match,0
completeness,1,2,2736,2736,2756,1,1,match,0
completeness,1,5,2733,2733,2738,1,1,match,0
completeness,1,6,2737,2737,2762,1,1,match,0
completeness,1,7,2737,2737,2755,1,1,match,0
completeness,1,9,2740,2740,2742,1,1,match,0
completeness,1,11,2734,2734,2753,1,1,match,0
completeness,1,14,2738,2738,2756,1,1,match,0
completeness,1,15,2739,2739,2745,1,1,match,0
completeness,1,20,2733,2733,2756,1,1,match,0
completeness,1,21,2732,2732,2740,1,1,match,0
completeness,1,23,2737,2737,2765,1,1,match,0
completeness,1,27,2751,2751,2737,1,1,match,0
completeness,1,28,2739,2739,2740,1,1,match,0
completeness,1,30,2737,2737,2740,1,1,match,0
completeness,1,31,2754,2754,2749,1,1,match,0
completeness,1,33,2760,2760,2752,1,1,match,0
completeness,1,35,2737,2737,2742,1,1,match,0
completeness,1,37,2737,2737,2741,1,1,match,0
completeness,1,38,2741,2741,2746,1,1,match,0
completeness,1,41,2738,2738,2756,1,1,match,0
completeness,1,42,2744,2744,2745,1,1,match,0
completeness,1,44,2744,2744,2760,1,1,match,0
completeness,1,45,2733,2733,2740,1,1,match,0
completeness,1,48,2737,2737,2757,1,1,match,0
completeness,1,49,2733,2733,2754,1,1,match,0
completeness,5,201,2808,2808,2815,1,1,match,0
completeness,5,204,2813,2813,2822,1,1,match,0
completeness,5,205,2811,2811,2817,1,1,match,0
completeness,5,206,2820,2820,2832,1,1,match,0
completeness,5,209,2804,2804,2817,1,1,match,0
completeness,5,211,2827,2827,2829,1,1,match,0
completeness,5,212,2796,2796,2814,1,1,match,0
completeness,5,217,2818,2818,2828,1,1,match,0
completeness,5,221,2815,2815,2825,1,1,match,0
completeness,5,222,2810,2810,2830,1,1,match,0
completeness,5,226,2822,2822,2835,1,1,match,0
completeness,5,227,2818,2818,2839,1,1,match,0
completeness,5,228,2829,2829,2830,1,1,match,0
completeness,5,232,2809,2809,2818,1,1,match,0
completeness,5,233,2793,2793,2809,1,1,match,0
completeness,5,234,2793,2793,2818,1,1,match,0
completeness,5,235,2821,2821,2826,1,1,match,0
completeness,5,236,2801,2801,2824,1,1,match,0
completeness,5,237,2806,2806,2809,1,1,match,0
completeness,5,238,2805,2805,2816,1,1,match,0
completeness,5,242,2793,2793,2794,1,1,match,0
completeness,5,243,2804,2804,2816,1,1,match,0
completeness,5,246,2808,2808,2820,1,1,match,0
completeness,5,248,2803,2803,2820,1,1,match,0
completeness,5,249,2818,2818,2821,1,1,match,0
completeness,10,450,2902,2902,2926,1,1,match,0
completeness,10,452,2894,2894,2939,1,1,match,0
completeness,10,453,2909,2909,2929,1,1,match,0
completeness,10,457,2910,2910,2886,1,1,match,0
completeness,10,459,2924,2924,2907,1,1,match,0
completeness,10,465,2905,2905,2875,1,1,match,0
completeness,10,466,2886,2886,2905,1,1,match,0
completeness,10,467,2882,2882,2863,1,1,match,0
completeness,10,468,2871,2871,2856,1,1,match,0
completeness,10,469,2840,2840,2843,1,1,match,0
completeness,10,470,2876,2876,2882,1,1,match,0
completeness,10,472,2890,2890,2897,1,1,match,0
completeness,10,473,2866,2866,2905,1,1,match,0
completeness,10,474,2899,2899,2929,1,1,match,0
completeness,10,475,2915,2915,2898,1,1,match,0
completeness,10,476,2904,2904,2890,1,1,match,0
completeness,10,478,2883,2883,2903,1,1,match,0
completeness,10,479,2881,2881,2872,1,1,match,0
completeness,10,480,2867,2867,2864,1,1,match,0
completeness,10,482,2899,2899,2921,1,1,match,0
completeness,10,486,2909,2909,2908,1,1,match,0
completeness,10,488,2864,2864,2866,1,1,match,0
completeness,10,491,2896,2896,2898,1,1,match,0
completeness,10,493,2912,2912,2912,1,1,match,0
completeness,10,497,2911,2911,2928,1,1,match,0
completeness,15,700,2966,2966,2905,1,1,match,0
completeness,15,701,2990,2990,2990,1,1,match,0
completeness,15,704,3043,3043,2956,1,1,match,0
completeness,15,705,2947,2947,2894,1,1,match,0
completeness,15,707,2967,2967,2947,1,1,match,0
completeness,15,708,2985,2985,2987,1,1,match,0
completeness,15,711,2982,2982,3006,1,1,match,0
completeness,15,714,2940,2940,2950,1,1,match,0
completeness,15,717,2946,2946,2945,1,1,match,0
completeness,15,718,2913,2913,2948,1,1,match,0
completeness,15,719,2984,2984,2949,1,1,match,0
completeness,15,724,2963,2963,3008,1,1,match,0
completeness,15,725,2988,2988,2920,1,1,match,0
completeness,15,727,2998,2998,2995,1,1,match,0
completeness,15,728,3021,3021,2987,1,1,match,0
completeness,15,732,3013,3013,2980,1,1,match,0
completeness,15,735,2979,2979,2985,1,1,match,0
completeness,15,736,2963,2963,2984,1,1,match,0
completeness,15,739,2987,2987,3013,1,1,match,0
completeness,15,740,2883,2883,2943,1,1,match,0
completeness,15,741,2939,2939,2944,1,1,match,0
completeness,15,743,2913,2913,2983,1,1,match,0
completeness,15,745,2965,2965,2948,1,1,match,0
completeness,15,746,2897,2897,2925,1,1,match,0
completeness,15,748,2938,2938,2909,1,1,match,0
